Number_of_Doctors_Visited_1,Number_of_Doctors_Visited_2,Number_of_Doctors_Visited_3,Age_2,Phyiscal_Health_-1,Phyiscal_Health_1,Phyiscal_Health_2,Phyiscal_Health_3,Phyiscal_Health_4,Phyiscal_Health_5,Mental_Health_-1,Mental_Health_1,Mental_Health_2,Mental_Health_3,Mental_Health_4,Mental_Health_5,Dental_Health_-1,Dental_Health_1,Dental_Health_2,Dental_Health_3,Dental_Health_4,Dental_Health_5,Dental_Health_6,Employment_1,Employment_2,Employment_3,Employment_4,Stress_Keeps_Patient_from_Sleeping_0,Stress_Keeps_Patient_from_Sleeping_1,Medication_Keeps_Patient_from_Sleeping_0,Medication_Keeps_Patient_from_Sleeping_1,Pain_Keeps_Patient_from_Sleeping_0,Pain_Keeps_Patient_from_Sleeping_1,Bathroom_Needs_Keeps_Patient_from_Sleeping_0,Bathroom_Needs_Keeps_Patient_from_Sleeping_1,Uknown_Keeps_Patient_from_Sleeping_0,Uknown_Keeps_Patient_from_Sleeping_1,Trouble_Sleeping_-1,Trouble_Sleeping_1,Trouble_Sleeping_2,Trouble_Sleeping_3,Prescription_Sleep_Medication_-1,Prescription_Sleep_Medication_1,Prescription_Sleep_Medication_2,Prescription_Sleep_Medication_3,Race_1,Race_2,Race_3,Race_4,Race_5,Gender_1,Gender_2
False,False,True,True,False,False,False,False,True,False,False,False,False,True,False,False,False,False,False,True,False,False,False,False,False,True,False,True,False,True,False,True,False,True,False,False,True,False,False,True,False,False,False,False,True,True,False,False,False,False,False,True
False,True,False,True,False,False,False,False,True,False,False,False,True,False,False,False,False,False,False,True,False,False,False,False,False,True,False,False,True,True,False,True,False,False,True,True,False,False,False,False,True,False,False,False,True,True,False,False,False,False,True,False
False,False,True,True,False,False,False,True,False,False,False,False,True,False,False,False,False,False,False,True,False,False,False,False,False,True,False,True,False,True,False,True,False,True,False,False,True,False,False,False,True,False,False,False,True,False,False,False,True,False,True,False
True,False,False,True,False,False,False,True,False,False,False,False,True,False,False,False,False,False,False,True,False,False,False,False,False,True,False,True,False,True,False,True,False,False,True,True,False,False,False,False,True,False,False,False,True,False,False,False,True,False,False,True
False,False,True,True,False,False,False,True,False,False,False,False,False,True,False,False,False,False,False,True,False,False,False,False,False,True,False,False,True,True,False,True,False,True,False,True,False,False,False,True,False,False,False,False,True,True,False,False,False,False,False,True
False,True,False,True,False,False,False,True,False,False,False,False,True,False,False,False,False,False,False,False,True,False,False,False,False,True,False,True,False,True,False,True,False,False,True,True,False,False,False,False,True,False,False,False,True,True,False,False,False,False,True,False
False,False,True,True,False,False,False,False,True,False,False,True,False,False,False,False,False,True,False,False,False,False,False,False,False,True,False,True,False,True,False,False,True,False,True,True,False,False,False,True,False,False,True,False,False,True,False,False,False,False,True,False
False,True,False,True,False,False,False,True,False,False,False,False,True,False,False,False,False,False,False,False,False,False,True,False,False,True,False,False,True,True,False,True,False,True,False,True,False,False,False,False,True,False,False,False,True,True,False,False,False,False,True,False
False,True,False,True,False,False,False,True,False,False,False,True,False,False,False,False,False,False,True,False,False,False,False,False,False,True,False,True,False,True,False,False,True,False,True,True,False,False,False,False,True,False,False,False,True,True,False,False,False,False,False,True
True,False,False,True,False,False,True,False,False,False,False,True,False,False,False,False,False,False,False,True,False,False,False,True,False,False,False,True,False,True,False,True,False,True,False,False,True,False,False,False,True,False,False,False,True,True,False,False,False,False,True,False
False,True,False,True,False,False,False,True,False,False,False,True,False,False,False,False,False,False,True,False,False,False,False,True,False,False,False,True,False,True,False,True,False,True,False,False,True,False,False,False,True,False,False,False,True,True,False,False,False,False,True,False
False,True,False,True,False,False,False,True,False,False,False,False,True,False,False,False,False,False,False,False,False,True,False,False,True,False,False,True,False,True,False,True,False,False,True,True,False,False,False,False,True,False,False,False,True,True,False,False,False,False,True,False
True,False,False,True,False,False,False,False,True,False,False,False,False,True,False,False,False,False,False,False,True,False,False,False,False,True,False,True,False,True,False,True,False,False,True,True,False,False,False,False,True,False,False,False,True,True,False,False,False,False,True,False
False,True,False,True,False,False,False,True,False,False,False,False,True,False,False,False,False,False,False,True,False,False,False,False,False,True,False,False,True,True,False,True,False,False,True,True,False,False,False,True,False,False,False,False,True,True,False,False,False,False,False,True
False,False,True,True,False,False,False,True,False,False,False,True,False,False,False,False,False,True,False,False,False,False,False,False,False,True,False,True,False,True,False,True,False,True,False,False,True,False,True,False,False,False,False,False,True,True,False,False,False,False,True,False
False,False,True,True,False,False,False,True,False,False,False,False,False,True,False,False,False,False,True,False,False,False,False,False,False,True,False,True,False,True,False,True,False,False,True,True,False,False,False,False,True,False,False,False,True,True,False,False,False,False,True,False
False,True,False,True,False,False,False,False,True,False,False,False,False,True,False,False,False,False,True,False,False,False,False,False,False,True,False,True,False,True,False,False,True,False,True,True,False,False,False,True,False,False,False,False,True,True,False,False,False,False,True,False
False,False,True,True,False,False,False,False,True,False,False,False,False,True,False,False,False,False,False,False,True,False,False,False,False,True,False,True,False,True,False,True,False,False,True,True,False,False,False,False,True,False,False,False,True,True,False,False,False,False,False,True
False,True,False,True,False,False,False,True,False,False,False,True,False,False,False,False,False,False,False,True,False,False,False,False,True,False,False,True,False,True,False,True,False,True,False,True,False,False,False,False,True,False,False,False,True,True,False,False,False,False,True,False
False,True,False,True,False,False,False,True,False,False,False,False,True,False,False,False,False,False,False,True,False,False,False,False,False,True,False,True,False,True,False,True,False,False,True,True,False,False,False,False,True,False,False,False,True,False,True,False,False,False,True,False
False,False,True,True,False,False,False,True,False,False,False,False,True,False,False,False,False,False,False,True,False,False,False,False,False,True,False,False,True,True,False,False,True,False,True,True,False,False,False,True,False,False,False,False,True,True,False,False,False,False,True,False
False,False,True,True,False,False,True,False,False,False,False,True,False,False,False,False,False,False,True,False,False,False,False,False,False,True,False,True,False,True,False,False,True,False,True,True,False,False,False,False,True,False,False,True,False,True,False,False,False,False,False,True
True,False,False,True,False,False,True,False,False,False,False,False,True,False,False,False,False,False,True,False,False,False,False,False,False,True,False,True,False,True,False,True,False,True,False,True,False,False,False,True,False,False,False,False,True,True,False,False,False,False,True,False
False,True,False,True,False,False,False,False,True,False,False,False,True,False,False,False,False,False,False,False,False,False,True,False,False,True,False,True,False,True,False,True,False,False,True,False,True,False,False,False,True,False,True,False,False,False,True,False,False,False,False,True
False,False,True,True,False,False,False,False,True,False,False,False,False,True,False,False,False,False,False,False,False,True,False,False,False,True,False,True,False,True,False,True,False,True,False,True,False,False,False,True,False,False,False,False,True,True,False,False,False,False,False,True
False,False,True,True,False,False,False,True,False,False,False,True,False,False,False,False,False,False,False,True,False,False,False,False,False,True,False,False,True,True,False,True,False,False,True,True,False,False,False,True,False,False,False,False,True,True,False,False,False,False,False,True
False,True,False,True,False,False,False,False,True,False,False,True,False,False,False,False,False,False,False,False,False,True,False,False,False,True,False,False,True,True,False,False,True,True,False,True,False,False,True,False,False,False,False,False,True,True,False,False,False,False,True,False
False,True,False,True,False,False,False,True,False,False,False,False,True,False,False,False,False,False,False,False,False,False,True,False,True,False,False,False,True,True,False,True,False,True,False,True,False,False,False,False,True,False,False,False,True,True,False,False,False,False,False,True
False,True,False,True,False,False,True,False,False,False,False,True,False,False,False,False,False,False,False,True,False,False,False,False,False,True,False,True,False,True,False,True,False,True,False,False,True,False,False,False,True,False,False,False,True,True,False,False,False,False,False,True
False,False,True,True,False,False,False,True,False,False,False,True,False,False,False,False,False,False,False,False,False,False,True,False,False,True,False,True,False,True,False,True,False,True,False,False,True,False,False,True,False,False,False,False,True,True,False,False,False,False,False,True
True,False,False,True,False,False,True,False,False,False,False,True,False,False,False,False,False,False,True,False,False,False,False,False,False,True,False,True,False,True,False,True,False,False,True,False,True,False,False,False,True,False,False,False,True,True,False,False,False,False,True,False
True,False,False,True,False,False,True,False,False,False,False,False,True,False,False,False,False,False,True,False,False,False,False,False,False,True,False,True,False,True,False,False,True,False,True,False,True,False,False,False,True,False,False,False,True,True,False,False,False,False,False,True
True,False,False,True,False,False,True,False,False,False,False,False,True,False,False,False,False,False,False,True,False,False,False,False,False,True,False,True,False,True,False,True,False,False,True,True,False,False,False,False,True,False,False,False,True,True,False,False,False,False,True,False
False,False,True,True,False,False,True,False,False,False,False,True,False,False,False,False,False,True,False,False,False,False,False,False,False,True,False,True,False,True,False,True,False,True,False,False,True,False,True,False,False,False,False,False,True,True,False,False,False,False,False,True
False,True,False,True,False,False,True,False,False,False,False,True,False,False,False,False,False,False,True,False,False,False,False,False,False,True,False,True,False,True,False,True,False,False,True,True,False,False,False,False,True,False,False,False,True,True,False,False,False,False,False,True
False,False,True,True,False,False,True,False,False,False,False,True,False,False,False,False,False,False,False,False,True,False,False,False,True,False,False,True,False,True,False,True,False,False,True,True,False,False,False,False,True,False,False,False,True,True,False,False,False,False,False,True
False,True,False,True,False,False,False,True,False,False,False,False,True,False,False,False,False,False,True,False,False,False,False,False,False,True,False,True,False,True,False,True,False,True,False,True,False,False,False,False,True,False,False,False,True,True,False,False,False,False,False,True
False,True,False,True,False,False,False,True,False,False,False,False,False,True,False,False,False,False,False,True,False,False,False,False,True,False,False,False,True,True,False,True,False,True,False,True,False,False,False,False,True,False,False,False,True,True,False,False,False,False,True,False
True,False,False,True,False,False,True,False,False,False,False,False,True,False,False,False,False,False,False,True,False,False,False,False,True,False,False,True,False,True,False,True,False,True,False,False,True,False,False,True,False,False,False,True,False,True,False,False,False,False,False,True
False,False,True,True,False,False,True,False,False,False,False,False,True,False,False,False,False,False,True,False,False,False,False,False,False,True,False,True,False,True,False,True,False,True,False,False,True,False,False,False,True,False,False,False,True,True,False,False,False,False,False,True
False,True,False,True,False,False,False,True,False,False,False,False,False,True,False,False,False,True,False,False,False,False,False,False,False,True,False,True,False,True,False,True,False,True,False,False,True,False,False,True,False,False,False,False,True,True,False,False,False,False,True,False
False,True,False,True,False,False,False,False,True,False,False,False,False,True,False,False,False,False,False,False,False,True,False,False,False,True,False,False,True,True,False,True,False,True,False,True,False,False,False,True,False,False,False,True,False,True,False,False,False,False,True,False
False,True,False,True,False,False,False,False,True,False,False,False,True,False,False,False,False,False,False,True,False,False,False,False,False,True,False,True,False,True,False,True,False,True,False,False,True,False,False,False,True,False,False,False,True,True,False,False,False,False,True,False
False,False,True,True,False,False,False,True,False,False,False,False,True,False,False,False,False,False,True,False,False,False,False,False,False,True,False,True,False,True,False,True,False,True,False,False,True,False,False,False,True,False,False,False,True,True,False,False,False,False,False,True
False,True,False,True,False,False,True,False,False,False,False,True,False,False,False,False,False,False,False,False,True,False,False,False,False,True,False,True,False,True,False,True,False,True,False,False,True,False,False,False,True,False,False,False,True,True,False,False,False,False,False,True
True,False,False,True,False,False,False,True,False,False,False,False,False,True,False,False,False,False,False,True,False,False,False,False,False,True,False,True,False,True,False,True,False,True,False,False,True,False,False,False,True,False,False,False,True,True,False,False,False,False,False,True
False,True,False,True,False,False,False,True,False,False,False,False,True,False,False,False,False,False,False,True,False,False,False,False,False,True,False,True,False,True,False,True,False,True,False,False,True,False,False,False,True,False,False,False,True,True,False,False,False,False,False,True
False,True,False,True,False,False,True,False,False,False,False,True,False,False,False,False,False,False,False,False,True,False,False,False,True,False,False,True,False,True,False,True,False,True,False,False,True,False,False,True,False,False,False,False,True,True,False,False,False,False,False,True
False,False,True,True,False,False,False,True,False,False,False,True,False,False,False,False,False,True,False,False,False,False,False,False,False,True,False,True,False,True,False,True,False,False,True,True,False,False,False,False,True,False,False,False,True,True,False,False,False,False,False,True
False,True,False,True,False,False,False,False,True,False,False,False,False,True,False,False,False,False,False,False,False,True,False,False,False,True,False,False,True,True,False,True,False,False,True,True,False,False,False,True,False,False,True,False,False,True,False,False,False,False,True,False
False,True,False,True,False,False,True,False,False,False,False,True,False,False,False,False,False,True,False,False,False,False,False,False,False,True,False,False,True,True,False,True,False,True,False,True,False,False,False,True,False,False,False,False,True,True,False,False,False,False,False,True
False,True,False,True,False,False,True,False,False,False,False,True,False,False,False,False,False,False,False,True,False,False,False,False,False,True,False,True,False,True,False,True,False,False,True,True,False,False,False,False,True,False,False,False,True,True,False,False,False,False,True,False
False,True,False,True,False,False,False,True,False,False,False,False,True,False,False,False,False,False,False,False,True,False,False,False,False,True,False,False,True,True,False,True,False,True,False,True,False,False,True,False,False,False,True,False,False,False,True,False,False,False,True,False
False,False,True,True,False,False,False,True,False,False,False,False,True,False,False,False,False,False,True,False,False,False,False,False,False,True,False,True,False,True,False,True,False,True,False,False,True,False,False,False,True,False,False,False,True,True,False,False,False,False,True,False
False,True,False,True,False,False,True,False,False,False,False,True,False,False,False,False,False,False,False,True,False,False,False,False,False,True,False,True,False,True,False,True,False,False,True,True,False,False,False,False,True,False,False,False,True,True,False,False,False,False,False,True
False,True,False,True,False,False,False,False,True,False,False,False,False,False,True,False,False,False,False,False,True,False,False,False,False,True,False,True,False,True,False,True,False,True,False,False,True,False,True,False,False,False,False,False,True,True,False,False,False,False,False,True
False,True,False,True,False,False,True,False,False,False,False,False,True,False,False,False,False,False,True,False,False,False,False,False,False,True,False,True,False,True,False,True,False,True,False,False,True,False,False,False,True,False,False,False,True,True,False,False,False,False,False,True
False,True,False,True,False,False,False,False,True,False,False,True,False,False,False,False,False,False,False,True,False,False,False,False,False,True,False,True,False,True,False,True,False,True,False,False,True,False,True,False,False,False,False,False,True,True,False,False,False,False,False,True
False,False,True,True,False,False,False,False,False,True,False,True,False,False,False,False,False,False,True,False,False,False,False,False,False,True,False,True,False,True,False,False,True,False,True,True,False,False,False,False,True,False,False,False,True,True,False,False,False,False,True,False
False,False,True,True,False,False,True,False,False,False,False,True,False,False,False,False,False,True,False,False,False,False,False,False,False,True,False,True,False,True,False,False,True,False,True,True,False,False,False,True,False,False,False,True,False,True,False,False,False,False,True,False
False,False,True,True,False,False,False,True,False,False,False,False,True,False,False,False,False,False,True,False,False,False,False,False,False,True,False,False,True,True,False,True,False,False,True,True,False,False,False,False,True,False,False,False,True,False,False,False,False,True,True,False
False,True,False,True,False,False,True,False,False,False,False,False,True,False,False,False,False,True,False,False,False,False,False,True,False,False,False,False,True,True,False,True,False,False,True,True,False,False,False,False,True,False,False,False,True,True,False,False,False,False,False,True
True,False,False,True,False,False,True,False,False,False,False,True,False,False,False,False,False,False,True,False,False,False,False,False,False,True,False,True,False,True,False,True,False,False,True,False,True,False,False,False,True,False,False,False,True,True,False,False,False,False,False,True
False,True,False,True,False,False,True,False,False,False,False,False,True,False,False,False,False,True,False,False,False,False,False,False,False,True,False,True,False,True,False,True,False,True,False,False,True,False,True,False,False,False,False,False,True,True,False,False,False,False,False,True
False,False,True,True,False,False,False,False,True,False,False,False,False,True,False,False,False,False,False,True,False,False,False,False,False,True,False,False,True,True,False,True,False,True,False,False,True,False,True,False,False,False,False,False,True,True,False,False,False,False,False,True
True,False,False,True,False,False,True,False,False,False,False,False,True,False,False,False,False,False,True,False,False,False,False,False,False,True,False,False,True,True,False,False,True,False,True,True,False,False,False,False,True,False,False,False,True,False,False,False,True,False,True,False
False,True,False,True,False,False,True,False,False,False,False,True,False,False,False,False,False,False,True,False,False,False,False,False,False,True,False,True,False,True,False,True,False,False,True,False,True,False,False,False,True,False,False,False,True,True,False,False,False,False,True,False
False,True,False,True,False,False,True,False,False,False,False,False,True,False,False,False,False,False,False,True,False,False,False,False,True,False,False,True,False,True,False,True,False,False,True,True,False,False,False,False,True,False,False,False,True,True,False,False,False,False,True,False
True,False,False,True,False,False,True,False,False,False,False,True,False,False,False,False,False,False,True,False,False,False,False,False,False,True,False,True,False,True,False,True,False,True,False,False,True,False,False,False,True,False,False,False,True,True,False,False,False,False,False,True
False,True,False,True,False,False,False,False,False,True,False,False,True,False,False,False,False,False,False,False,False,True,False,False,False,True,False,True,False,True,False,True,False,False,True,True,False,False,False,False,True,False,False,False,True,True,False,False,False,False,True,False
False,False,True,True,False,False,False,True,False,False,False,False,False,False,True,False,False,False,False,False,True,False,False,False,False,True,False,True,False,True,False,True,False,False,True,True,False,False,False,False,True,False,False,False,True,True,False,False,False,False,True,False
False,True,False,True,False,False,True,False,False,False,False,True,False,False,False,False,False,False,True,False,False,False,False,False,False,True,False,True,False,True,False,True,False,True,False,True,False,False,False,True,False,False,False,False,True,True,False,False,False,False,True,False
False,True,False,True,False,False,True,False,False,False,False,False,True,False,False,False,False,False,True,False,False,False,False,False,False,True,False,False,True,True,False,True,False,True,False,False,True,False,False,True,False,False,False,False,True,True,False,False,False,False,False,True
False,False,True,True,False,False,False,False,True,False,False,True,False,False,False,False,False,False,False,False,False,False,True,False,False,True,False,True,False,False,True,True,False,False,True,True,False,False,False,True,False,False,False,False,True,True,False,False,False,False,False,True
True,False,False,True,False,False,False,True,False,False,False,True,False,False,False,False,False,False,False,True,False,False,False,False,False,True,False,True,False,True,False,True,False,True,False,False,True,False,False,True,False,False,False,False,True,True,False,False,False,False,False,True
False,False,True,True,False,False,False,True,False,False,False,False,True,False,False,False,False,False,False,False,True,False,False,False,False,True,False,True,False,True,False,True,False,True,False,False,True,False,False,True,False,False,False,False,True,True,False,False,False,False,True,False
True,False,False,True,False,False,False,True,False,False,False,True,False,False,False,False,False,False,False,True,False,False,False,False,False,True,False,True,False,True,False,False,True,False,True,True,False,False,False,True,False,False,False,False,True,True,False,False,False,False,False,True
False,True,False,True,False,False,False,True,False,False,False,False,False,True,False,False,False,False,True,False,False,False,False,False,True,False,False,True,False,True,False,True,False,False,True,True,False,False,False,True,False,False,False,False,True,False,False,False,False,True,True,False
False,True,False,True,False,False,False,True,False,False,False,True,False,False,False,False,False,False,True,False,False,False,False,False,False,True,False,True,False,False,True,False,True,False,True,True,False,False,False,False,True,False,False,False,True,True,False,False,False,False,True,False
False,True,False,True,False,False,False,True,False,False,False,False,False,True,False,False,False,False,False,True,False,False,False,False,False,True,False,True,False,False,True,True,False,False,True,True,False,False,False,True,False,False,False,False,True,True,False,False,False,False,False,True
False,False,True,True,False,False,False,True,False,False,False,True,False,False,False,False,False,False,False,False,True,False,False,False,True,False,False,False,True,True,False,False,True,False,True,True,False,False,False,True,False,False,False,False,True,True,False,False,False,False,False,True
False,True,False,True,False,False,False,True,False,False,False,False,False,True,False,False,False,False,False,False,True,False,False,False,False,True,False,True,False,True,False,True,False,True,False,True,False,False,False,False,True,False,False,False,True,True,False,False,False,False,True,False
False,True,False,True,False,False,False,True,False,False,False,False,False,True,False,False,False,False,False,True,False,False,False,False,False,True,False,False,True,True,False,True,False,True,False,False,True,False,False,True,False,False,False,False,True,True,False,False,False,False,True,False
False,True,False,True,False,False,True,False,False,False,False,False,True,False,False,False,False,False,True,False,False,False,False,False,False,True,False,True,False,True,False,True,False,True,False,False,True,False,False,False,True,False,False,True,False,True,False,False,False,False,False,True
False,True,False,True,False,False,False,True,False,False,False,False,False,True,False,False,False,False,False,False,True,False,False,False,False,True,False,True,False,True,False,False,True,False,True,True,False,False,False,True,False,False,False,False,True,True,False,False,False,False,True,False
False,True,False,True,False,False,False,True,False,False,False,True,False,False,False,False,False,False,False,True,False,False,False,False,False,True,False,True,False,True,False,True,False,True,False,False,True,False,False,False,True,False,False,False,True,True,False,False,False,False,True,False
False,True,False,True,False,False,False,True,False,False,False,False,False,True,False,False,False,True,False,False,False,False,False,False,False,True,False,True,False,True,False,False,True,False,True,False,True,False,False,False,True,False,False,False,True,True,False,False,False,False,False,True
True,False,False,True,False,False,True,False,False,False,False,False,True,False,False,False,False,False,True,False,False,False,False,False,True,False,False,True,False,True,False,True,False,True,False,False,True,False,False,False,True,False,False,False,True,True,False,False,False,False,True,False
True,False,False,True,False,False,False,False,True,False,False,False,False,True,False,False,False,False,True,False,False,False,False,False,False,True,False,True,False,True,False,True,False,False,True,True,False,False,False,False,True,False,False,False,True,True,False,False,False,False,False,True
False,True,False,True,False,True,False,False,False,False,True,False,False,False,False,False,False,False,False,False,True,False,False,False,False,True,False,True,False,True,False,True,False,False,True,True,False,False,True,False,False,False,False,False,True,True,False,False,False,False,False,True
False,True,False,True,False,False,False,False,True,False,False,False,False,True,False,False,False,False,False,True,False,False,False,False,False,True,False,True,False,True,False,True,False,True,False,False,True,False,False,True,False,False,False,False,True,False,True,False,False,False,False,True
False,True,False,True,False,False,True,False,False,False,False,False,True,False,False,False,False,False,False,True,False,False,False,False,False,True,False,True,False,True,False,True,False,True,False,False,True,False,False,True,False,False,False,True,False,True,False,False,False,False,True,False
False,False,True,True,False,False,False,True,False,False,False,True,False,False,False,False,False,False,True,False,False,False,False,False,False,True,False,True,False,True,False,True,False,True,False,False,True,False,False,True,False,False,True,False,False,True,False,False,False,False,False,True
True,False,False,True,False,False,False,True,False,False,False,True,False,False,False,False,False,False,False,True,False,False,False,False,False,True,False,True,False,True,False,True,False,False,True,True,False,False,False,False,True,False,False,False,True,True,False,False,False,False,True,False
False,True,False,True,False,False,True,False,False,False,False,True,False,False,False,False,False,False,False,True,False,False,False,True,False,False,False,True,False,True,False,True,False,False,True,True,False,False,False,False,True,False,False,False,True,True,False,False,False,False,True,False
True,False,False,True,False,False,True,False,False,False,False,False,True,False,False,False,False,False,True,False,False,False,False,True,False,False,False,True,False,True,False,True,False,False,True,True,False,False,False,True,False,False,False,False,True,True,False,False,False,False,False,True
False,True,False,True,False,False,True,False,False,False,False,True,False,False,False,False,False,False,True,False,False,False,False,False,False,True,False,True,False,True,False,True,False,False,True,True,False,False,False,False,True,False,False,False,True,True,False,False,False,False,False,True
True,False,False,True,False,False,True,False,False,False,False,False,False,True,False,False,False,False,True,False,False,False,False,False,False,True,False,True,False,True,False,True,False,False,True,True,False,False,False,False,True,False,False,False,True,True,False,False,False,False,True,False
False,True,False,True,False,False,False,True,False,False,False,False,False,True,False,False,False,False,True,False,False,False,False,False,False,True,False,True,False,True,False,True,False,False,True,True,False,False,False,True,False,False,False,False,True,False,True,False,False,False,True,False
False,True,False,True,False,False,True,False,False,False,False,False,True,False,False,False,False,False,False,False,True,False,False,False,False,True,False,True,False,True,False,True,False,True,False,False,True,False,False,True,False,False,False,False,True,True,False,False,False,False,False,True
False,True,False,True,False,False,True,False,False,False,False,False,True,False,False,False,False,False,True,False,False,False,False,False,False,True,False,True,False,True,False,True,False,False,True,True,False,False,False,False,True,False,False,False,True,True,False,False,False,False,True,False
False,False,True,True,False,False,False,False,True,False,False,False,True,False,False,False,False,False,True,False,False,False,False,False,False,True,False,False,True,False,True,False,True,False,True,True,False,False,False,True,False,False,False,False,True,True,False,False,False,False,True,False
True,False,False,True,False,False,False,True,False,False,False,False,True,False,False,False,False,False,False,False,True,False,False,False,False,True,False,True,False,True,False,True,False,False,True,True,False,False,False,False,True,False,False,False,True,False,False,True,False,False,True,False
False,True,False,True,False,False,False,True,False,False,False,False,True,False,False,False,False,False,False,True,False,False,False,False,False,True,False,False,True,True,False,True,False,True,False,True,False,False,False,True,False,False,False,False,True,True,False,False,False,False,False,True
False,True,False,True,False,False,True,False,False,False,False,False,True,False,False,False,False,False,True,False,False,False,False,False,False,True,False,False,True,True,False,True,False,False,True,True,False,False,True,False,False,False,False,False,True,True,False,False,False,False,False,True
False,True,False,True,False,False,True,False,False,False,False,False,True,False,False,False,False,False,False,True,False,False,False,False,False,True,False,True,False,True,False,True,False,False,True,True,False,False,False,False,True,False,False,False,True,True,False,False,False,False,False,True
False,True,False,True,False,False,False,False,True,False,False,False,True,False,False,False,False,False,False,True,False,False,False,False,False,True,False,True,False,True,False,False,True,False,True,True,False,False,False,True,False,False,False,False,True,True,False,False,False,False,True,False
False,True,False,True,False,False,False,True,False,False,False,True,False,False,False,False,False,False,False,False,True,False,False,False,False,True,False,True,False,True,False,False,True,False,True,True,False,False,False,True,False,False,True,False,False,True,False,False,False,False,False,True
False,True,False,True,False,False,False,False,True,False,False,False,True,False,False,False,False,True,False,False,False,False,False,False,True,False,False,False,True,True,False,True,False,False,True,False,True,False,False,True,False,False,False,False,True,True,False,False,False,False,True,False
False,False,True,True,False,False,False,True,False,False,False,False,True,False,False,False,False,False,False,False,False,False,True,False,False,True,False,True,False,True,False,True,False,False,True,True,False,False,False,False,True,False,False,False,True,True,False,False,False,False,True,False
False,False,True,True,False,False,True,False,False,False,False,False,True,False,False,False,False,False,True,False,False,False,False,False,False,True,False,False,True,True,False,True,False,False,True,True,False,False,False,False,True,False,False,False,True,True,False,False,False,False,False,True
True,False,False,True,False,True,False,False,False,False,False,True,False,False,False,False,False,True,False,False,False,False,False,False,False,True,False,True,False,True,False,True,False,False,True,True,False,False,False,False,True,False,False,False,True,True,False,False,False,False,False,True
False,False,True,True,False,False,True,False,False,False,False,False,True,False,False,False,False,False,True,False,False,False,False,False,False,True,False,True,False,False,True,True,False,False,True,True,False,False,False,True,False,False,False,False,True,True,False,False,False,False,True,False
False,False,True,True,False,False,True,False,False,False,False,True,False,False,False,False,False,False,True,False,False,False,False,False,False,True,False,True,False,True,False,True,False,False,True,False,True,False,False,True,False,False,False,False,True,True,False,False,False,False,True,False
True,False,False,True,False,False,True,False,False,False,False,True,False,False,False,False,False,False,True,False,False,False,False,False,False,True,False,True,False,True,False,True,False,False,True,True,False,False,False,True,False,False,False,False,True,True,False,False,False,False,True,False
True,False,False,True,False,False,True,False,False,False,False,False,True,False,False,False,False,False,True,False,False,False,False,False,False,True,False,True,False,True,False,True,False,True,False,False,True,False,False,False,True,False,False,False,True,True,False,False,False,False,True,False
True,False,False,True,False,False,True,False,False,False,False,True,False,False,False,False,False,False,True,False,False,False,False,False,False,True,False,True,False,True,False,False,True,True,False,True,False,False,False,True,False,False,False,False,True,True,False,False,False,False,True,False
True,False,False,True,False,False,False,True,False,False,False,True,False,False,False,False,False,False,True,False,False,False,False,False,False,True,False,False,True,True,False,False,True,False,True,True,False,False,False,True,False,True,False,False,False,True,False,False,False,False,False,True
False,False,True,True,False,False,False,True,False,False,False,False,True,False,False,False,False,False,False,False,False,False,True,False,False,True,False,True,False,True,False,True,False,False,True,True,False,False,False,True,False,False,True,False,False,True,False,False,False,False,True,False
False,True,False,True,False,False,False,True,False,False,False,True,False,False,False,False,False,False,False,False,False,False,True,False,False,True,False,False,True,True,False,True,False,True,False,True,False,False,False,True,False,False,False,False,True,False,True,False,False,False,False,True
False,True,False,True,False,True,False,False,False,False,False,True,False,False,False,False,False,False,True,False,False,False,False,False,False,True,False,False,True,True,False,True,False,True,False,True,False,False,False,False,True,False,False,False,True,True,False,False,False,False,False,True
True,False,False,True,False,False,False,True,False,False,False,False,False,True,False,False,False,False,False,False,False,False,True,False,False,False,True,False,True,True,False,True,False,True,False,True,False,False,True,False,False,False,False,False,True,False,False,True,False,False,False,True
False,True,False,True,False,False,False,False,True,False,False,False,False,True,False,False,False,False,False,True,False,False,False,False,True,False,False,True,False,True,False,True,False,False,True,True,False,False,False,False,True,False,False,True,False,True,False,False,False,False,False,True
False,True,False,True,False,False,False,True,False,False,False,True,False,False,False,False,False,False,False,False,True,False,False,False,False,True,False,True,False,True,False,False,True,False,True,True,False,False,False,True,False,False,False,False,True,True,False,False,False,False,False,True
False,True,False,True,False,False,False,True,False,False,False,False,True,False,False,False,False,False,False,False,True,False,False,False,False,True,False,True,False,True,False,True,False,True,False,False,True,False,False,False,True,False,False,False,True,True,False,False,False,False,False,True
True,False,False,True,False,False,False,True,False,False,False,False,True,False,False,False,False,False,True,False,False,False,False,False,False,True,False,False,True,True,False,True,False,False,True,True,False,False,False,False,True,False,False,False,True,True,False,False,False,False,True,False
False,True,False,True,False,False,False,True,False,False,False,False,False,True,False,False,False,False,False,False,True,False,False,False,False,True,False,True,False,True,False,True,False,False,True,True,False,False,False,True,False,False,False,False,True,True,False,False,False,False,True,False
False,False,True,True,False,False,False,True,False,False,False,False,True,False,False,False,False,False,True,False,False,False,False,False,False,True,False,True,False,True,False,True,False,True,False,False,True,False,False,False,True,False,False,False,True,True,False,False,False,False,True,False
False,False,True,True,False,False,False,False,True,False,False,False,True,False,False,False,False,False,False,True,False,False,False,False,False,True,False,False,True,True,False,False,True,False,True,True,False,False,True,False,False,False,False,False,True,True,False,False,False,False,False,True
False,False,True,True,False,False,False,False,True,False,False,False,False,False,True,False,False,False,False,False,True,False,False,False,False,True,False,True,False,True,False,False,True,True,False,False,True,False,False,True,False,False,True,False,False,True,False,False,False,False,False,True
False,True,False,True,False,False,False,True,False,False,False,True,False,False,False,False,False,False,True,False,False,False,False,False,False,True,False,True,False,True,False,True,False,False,True,True,False,False,False,True,False,False,False,False,True,True,False,False,False,False,False,True
True,False,False,True,False,False,False,True,False,False,False,False,False,True,False,False,False,False,False,True,False,False,False,False,False,True,False,True,False,True,False,False,True,False,True,True,False,False,False,True,False,False,False,False,True,True,False,False,False,False,False,True
False,False,True,True,False,False,False,True,False,False,False,False,True,False,False,False,False,False,False,True,False,False,False,False,False,True,False,False,True,True,False,True,False,False,True,True,False,False,False,True,False,False,False,False,True,True,False,False,False,False,True,False
False,True,False,True,False,False,False,True,False,False,False,False,True,False,False,False,False,False,False,False,True,False,False,False,False,True,False,True,False,True,False,True,False,True,False,False,True,False,False,False,True,False,False,False,True,True,False,False,False,False,True,False
False,True,False,True,False,False,True,False,False,False,False,False,False,True,False,False,False,False,True,False,False,False,False,True,False,False,False,False,True,True,False,True,False,True,False,False,True,False,False,True,False,False,False,False,True,False,False,False,False,True,True,False
False,False,True,True,False,False,False,False,False,True,False,False,False,True,False,False,False,False,False,True,False,False,False,False,False,True,False,False,True,True,False,False,True,True,False,False,True,False,True,False,False,False,True,False,False,True,False,False,False,False,True,False
False,True,False,True,False,False,True,False,False,False,False,True,False,False,False,False,False,False,True,False,False,False,False,False,False,True,False,True,False,True,False,True,False,True,False,False,True,False,False,False,True,False,False,False,True,True,False,False,False,False,True,False
False,True,False,True,False,False,False,True,False,False,False,False,False,True,False,False,False,False,False,False,False,False,True,False,False,True,False,True,False,True,False,True,False,False,True,True,False,False,False,False,True,False,False,False,True,True,False,False,False,False,True,False
False,True,False,True,False,False,True,False,False,False,False,False,False,True,False,False,False,False,False,True,False,False,False,False,False,True,False,False,True,False,True,True,False,False,True,True,False,False,False,True,False,False,False,True,False,True,False,False,False,False,True,False
False,False,True,True,False,False,True,False,False,False,False,True,False,False,False,False,False,False,True,False,False,False,False,False,False,True,False,True,False,True,False,False,True,False,True,True,False,False,False,True,False,False,False,False,True,True,False,False,False,False,False,True
False,False,True,True,False,False,False,True,False,False,False,False,False,True,False,False,False,False,False,False,True,False,False,False,False,True,False,False,True,True,False,False,True,False,True,True,False,False,False,False,True,False,False,False,True,True,False,False,False,False,False,True
False,False,True,True,False,True,False,False,False,False,False,True,False,False,False,False,False,False,True,False,False,False,False,False,False,True,False,True,False,True,False,True,False,True,False,False,True,False,False,True,False,False,False,False,True,True,False,False,False,False,False,True
False,True,False,True,False,False,False,True,False,False,False,True,False,False,False,False,False,False,False,False,True,False,False,False,False,True,False,True,False,True,False,True,False,True,False,False,True,False,False,True,False,False,False,False,True,True,False,False,False,False,True,False
False,True,False,True,False,False,False,False,True,False,False,False,True,False,False,False,False,False,False,False,True,False,False,False,False,True,False,True,False,True,False,True,False,False,True,True,False,False,False,False,True,False,False,False,True,True,False,False,False,False,True,False
False,False,True,True,False,False,False,True,False,False,False,True,False,False,False,False,False,False,False,True,False,False,False,False,False,True,False,True,False,True,False,True,False,True,False,False,True,False,False,True,False,False,False,False,True,True,False,False,False,False,False,True
False,True,False,True,False,False,False,False,True,False,False,True,False,False,False,False,False,False,False,False,False,True,False,False,False,True,False,True,False,True,False,True,False,True,False,False,True,False,False,True,False,False,False,False,True,True,False,False,False,False,False,True
False,True,False,True,False,False,False,True,False,False,False,False,True,False,False,False,False,False,False,True,False,False,False,False,False,True,False,True,False,True,False,True,False,True,False,False,True,False,False,True,False,False,False,False,True,True,False,False,False,False,False,True
False,True,False,True,False,False,False,True,False,False,False,False,True,False,False,False,False,False,False,True,False,False,False,False,False,True,False,True,False,True,False,True,False,True,False,False,True,False,False,True,False,False,False,True,False,True,False,False,False,False,False,True
True,False,False,True,False,False,False,True,False,False,False,False,False,True,False,False,False,False,False,False,True,False,False,False,False,False,True,True,False,True,False,True,False,True,False,False,True,False,False,True,False,False,False,False,True,True,False,False,False,False,True,False
False,True,False,True,False,False,False,False,True,False,False,True,False,False,False,False,False,False,False,True,False,False,False,False,False,True,False,True,False,True,False,False,True,True,False,False,True,False,False,True,False,False,False,False,True,True,False,False,False,False,True,False
False,True,False,True,False,False,True,False,False,False,False,False,True,False,False,False,False,False,True,False,False,False,False,False,False,True,False,True,False,True,False,True,False,True,False,False,True,False,False,True,False,False,False,False,True,True,False,False,False,False,False,True
False,False,True,True,False,False,False,True,False,False,False,False,True,False,False,False,False,False,False,False,True,False,False,False,False,True,False,True,False,True,False,True,False,True,False,False,True,False,False,False,True,False,False,False,True,False,False,True,False,False,True,False
False,True,False,True,False,False,False,False,True,False,False,True,False,False,False,False,False,False,False,False,False,False,True,False,False,True,False,True,False,True,False,True,False,True,False,False,True,False,False,False,True,False,False,False,True,False,False,False,False,True,True,False
False,True,False,True,False,False,True,False,False,False,False,False,True,False,False,False,False,True,False,False,False,False,False,False,True,False,False,True,False,True,False,True,False,True,False,False,True,False,False,False,True,False,False,False,True,True,False,False,False,False,False,True
False,True,False,True,False,False,True,False,False,False,False,True,False,False,False,False,False,False,False,True,False,False,False,False,False,True,False,True,False,True,False,True,False,False,True,True,False,False,False,False,True,False,False,False,True,False,True,False,False,False,True,False
False,False,True,True,False,False,False,True,False,False,False,False,False,True,False,False,False,False,True,False,False,False,False,False,False,True,False,True,False,False,True,True,False,False,True,True,False,False,False,True,False,False,False,False,True,True,False,False,False,False,False,True
False,True,False,True,False,False,True,False,False,False,False,True,False,False,False,False,False,False,True,False,False,False,False,False,False,True,False,True,False,True,False,True,False,True,False,False,True,False,False,False,True,False,False,False,True,False,False,False,True,False,True,False
True,False,False,True,False,False,False,True,False,False,False,False,False,True,False,False,False,False,True,False,False,False,False,False,True,False,False,True,False,True,False,True,False,False,True,True,False,False,False,True,False,False,False,False,True,True,False,False,False,False,False,True
False,True,False,True,False,False,False,True,False,False,False,False,True,False,False,False,False,False,True,False,False,False,False,False,False,True,False,True,False,True,False,True,False,True,False,False,True,False,False,True,False,False,False,False,True,True,False,False,False,False,False,True
False,False,True,True,False,False,False,True,False,False,False,False,True,False,False,False,False,False,False,True,False,False,False,False,True,False,False,True,False,True,False,True,False,True,False,True,False,False,False,False,True,False,False,False,True,True,False,False,False,False,True,False
True,False,False,True,False,False,False,False,True,False,False,False,True,False,False,False,False,False,True,False,False,False,False,False,False,True,False,True,False,True,False,False,True,False,True,False,True,False,True,False,False,False,False,False,True,True,False,False,False,False,False,True
False,True,False,True,False,False,False,True,False,False,False,True,False,False,False,False,False,False,False,False,True,False,False,False,False,True,False,False,True,True,False,False,True,True,False,True,False,False,False,True,False,False,False,True,False,True,False,False,False,False,True,False
False,True,False,True,False,False,True,False,False,False,False,True,False,False,False,False,False,False,True,False,False,False,False,False,False,True,False,False,True,True,False,True,False,True,False,True,False,False,False,True,False,False,False,False,True,True,False,False,False,False,False,True
False,True,False,True,False,False,False,True,False,False,False,False,False,True,False,False,False,False,False,False,True,False,False,False,False,True,False,True,False,True,False,True,False,True,False,False,True,False,False,False,True,False,False,False,True,False,True,False,False,False,False,True
False,True,False,True,False,False,False,False,True,False,False,False,True,False,False,False,False,False,True,False,False,False,False,False,False,True,False,False,True,True,False,True,False,True,False,True,False,False,False,True,False,False,False,False,True,True,False,False,False,False,True,False
False,True,False,True,False,False,False,True,False,False,False,False,True,False,False,False,False,False,True,False,False,False,False,False,False,True,False,True,False,True,False,True,False,True,False,False,True,False,False,False,True,False,False,False,True,True,False,False,False,False,False,True
False,True,False,True,False,False,False,False,True,False,False,False,False,True,False,False,False,False,False,False,True,False,False,False,False,True,False,True,False,True,False,True,False,False,True,False,True,False,True,False,False,False,True,False,False,True,False,False,False,False,True,False
False,False,True,True,False,False,False,True,False,False,False,False,True,False,False,False,False,False,True,False,False,False,False,False,False,True,False,True,False,True,False,True,False,True,False,False,True,False,False,False,True,False,False,False,True,True,False,False,False,False,False,True
False,True,False,True,False,False,True,False,False,False,False,False,True,False,False,False,False,False,True,False,False,False,False,False,False,True,False,True,False,True,False,True,False,False,True,True,False,False,False,False,True,False,False,False,True,False,True,False,False,False,True,False
False,True,False,True,False,False,False,False,True,False,False,True,False,False,False,False,False,False,False,False,True,False,False,False,False,True,False,True,False,True,False,False,True,True,False,True,False,False,True,False,False,False,True,False,False,True,False,False,False,False,True,False
True,False,False,True,False,False,False,True,False,False,False,False,True,False,False,False,False,False,False,False,False,True,False,False,False,True,False,True,False,True,False,False,True,True,False,True,False,False,False,False,True,False,False,False,True,True,False,False,False,False,True,False
False,True,False,True,False,False,True,False,False,False,False,False,True,False,False,False,False,False,True,False,False,False,False,False,False,True,False,False,True,True,False,True,False,True,False,True,False,False,False,False,True,False,False,False,True,True,False,False,False,False,True,False
True,False,False,True,False,False,False,False,True,False,False,True,False,False,False,False,False,False,False,False,False,False,True,False,False,True,False,True,False,True,False,True,False,True,False,False,True,False,False,True,False,False,False,False,True,True,False,False,False,False,False,True
False,True,False,True,False,False,False,True,False,False,False,True,False,False,False,False,False,False,False,False,False,False,True,False,False,True,False,True,False,True,False,False,True,False,True,False,True,False,False,True,False,False,False,False,True,True,False,False,False,False,True,False
False,False,True,True,False,False,False,True,False,False,False,False,True,False,False,False,False,False,True,False,False,False,False,False,False,True,False,True,False,True,False,True,False,True,False,True,False,False,False,False,True,False,False,False,True,True,False,False,False,False,False,True
False,True,False,True,False,False,False,False,True,False,False,False,False,False,True,False,False,False,False,False,True,False,False,False,False,True,False,True,False,True,False,True,False,False,True,False,True,False,False,False,True,False,False,False,True,True,False,False,False,False,True,False
False,True,False,True,False,False,True,False,False,False,False,False,True,False,False,False,False,False,False,True,False,False,False,False,False,True,False,True,False,False,True,True,False,True,False,True,False,False,False,False,True,False,False,False,True,True,False,False,False,False,True,False
False,True,False,True,False,False,True,False,False,False,False,True,False,False,False,False,False,True,False,False,False,False,False,False,True,False,False,True,False,True,False,True,False,True,False,False,True,False,False,False,True,False,False,False,True,True,False,False,False,False,True,False
False,True,False,True,False,False,False,False,False,True,False,True,False,False,False,False,False,False,False,True,False,False,False,True,False,False,False,True,False,True,False,True,False,True,False,False,True,False,True,False,False,False,False,False,True,True,False,False,False,False,True,False
False,False,True,True,False,False,False,True,False,False,False,False,True,False,False,False,False,False,False,True,False,False,False,False,False,True,False,True,False,True,False,True,False,True,False,False,True,False,False,False,True,False,False,False,True,True,False,False,False,False,False,True
False,True,False,True,False,False,True,False,False,False,False,True,False,False,False,False,False,False,True,False,False,False,False,False,False,True,False,True,False,True,False,True,False,False,True,True,False,False,False,False,True,False,False,False,True,True,False,False,False,False,False,True
False,False,True,True,False,False,False,True,False,False,False,False,False,True,False,False,False,False,False,False,True,False,False,True,False,False,False,False,True,True,False,True,False,True,False,True,False,False,False,False,True,False,False,False,True,True,False,False,False,False,True,False
True,False,False,True,False,False,False,False,False,True,False,False,False,False,True,False,False,False,False,False,False,True,False,False,False,True,False,True,False,True,False,False,True,True,False,True,False,False,True,False,False,False,False,False,True,True,False,False,False,False,False,True
False,True,False,True,False,False,False,True,False,False,False,False,False,True,False,False,False,False,False,True,False,False,False,False,False,True,False,True,False,True,False,True,False,True,False,False,True,False,False,True,False,False,False,False,True,True,False,False,False,False,True,False
False,True,False,True,False,False,False,False,True,False,False,False,True,False,False,False,False,False,False,True,False,False,False,False,False,True,False,True,False,True,False,True,False,True,False,False,True,False,False,True,False,False,False,False,True,True,False,False,False,False,True,False
True,False,False,True,False,False,True,False,False,False,False,True,False,False,False,False,False,True,False,False,False,False,False,False,False,True,False,True,False,True,False,True,False,True,False,False,True,False,False,False,True,False,False,False,True,True,False,False,False,False,False,True
True,False,False,True,False,False,False,True,False,False,False,False,False,True,False,False,False,False,False,True,False,False,False,False,False,True,False,True,False,True,False,True,False,False,True,True,False,False,False,False,True,False,False,False,True,True,False,False,False,False,False,True
False,False,True,True,False,False,False,False,True,False,False,False,False,True,False,False,False,False,False,True,False,False,False,False,False,True,False,True,False,True,False,False,True,False,True,False,True,False,False,False,True,False,False,False,True,True,False,False,False,False,True,False
False,False,True,True,False,False,False,True,False,False,False,False,True,False,False,False,False,False,False,True,False,False,False,False,False,True,False,False,True,True,False,True,False,True,False,True,False,False,False,True,False,False,False,False,True,True,False,False,False,False,True,False
False,True,False,True,False,False,True,False,False,False,False,False,True,False,False,False,False,False,True,False,False,False,False,False,False,True,False,True,False,True,False,True,False,True,False,False,True,False,False,False,True,False,False,False,True,True,False,False,False,False,False,True
True,False,False,True,False,False,True,False,False,False,False,True,False,False,False,False,False,False,True,False,False,False,False,False,False,True,False,False,True,True,False,True,False,True,False,True,False,False,False,True,False,False,False,False,True,True,False,False,False,False,False,True
False,True,False,True,False,False,True,False,False,False,False,False,False,True,False,False,False,False,True,False,False,False,False,False,False,True,False,False,True,True,False,True,False,False,True,True,False,False,False,True,False,False,False,True,False,True,False,False,False,False,False,True
False,True,False,True,False,False,False,True,False,False,False,False,True,False,False,False,False,False,True,False,False,False,False,False,False,True,False,False,True,True,False,True,False,True,False,True,False,False,False,False,True,False,False,False,True,True,False,False,False,False,False,True
True,False,False,True,False,False,False,False,True,False,False,False,False,False,True,False,False,False,False,False,False,True,False,False,False,False,True,True,False,True,False,True,False,True,False,True,False,False,True,False,False,False,False,False,True,True,False,False,False,False,True,False
False,True,False,True,False,False,False,False,False,True,False,False,False,True,False,False,False,False,False,False,True,False,False,False,False,True,False,True,False,True,False,True,False,False,True,True,False,False,False,False,True,False,False,False,True,True,False,False,False,False,True,False
False,True,False,True,False,False,True,False,False,False,False,False,True,False,False,False,False,False,True,False,False,False,False,False,False,True,False,True,False,True,False,True,False,False,True,True,False,False,False,False,True,False,False,False,True,True,False,False,False,False,True,False
False,True,False,True,False,True,False,False,False,False,False,False,True,False,False,False,False,True,False,False,False,False,False,False,True,False,False,True,False,True,False,True,False,True,False,True,False,False,False,False,True,False,False,False,True,True,False,False,False,False,False,True
False,True,False,True,False,True,False,False,False,False,False,True,False,False,False,False,False,True,False,False,False,False,False,False,False,True,False,False,True,True,False,True,False,True,False,True,False,False,False,False,True,False,False,False,True,True,False,False,False,False,False,True
False,True,False,True,False,False,False,False,True,False,False,False,False,False,True,False,False,False,False,False,False,False,True,False,False,True,False,True,False,False,True,False,True,False,True,True,False,False,False,True,False,False,False,False,True,True,False,False,False,False,False,True
False,True,False,True,False,False,True,False,False,False,False,False,True,False,False,False,False,False,False,True,False,False,False,False,False,True,False,True,False,True,False,True,False,True,False,False,True,False,False,False,True,False,False,False,True,True,False,False,False,False,False,True
False,True,False,True,False,False,False,True,False,False,False,False,False,True,False,False,False,False,False,False,False,False,True,False,False,True,False,True,False,True,False,True,False,True,False,False,True,False,False,False,True,False,False,False,True,True,False,False,False,False,False,True
False,False,True,True,False,False,False,False,True,False,False,False,False,True,False,False,False,False,False,True,False,False,False,False,False,True,False,True,False,True,False,True,False,True,False,False,True,False,False,True,False,False,False,False,True,True,False,False,False,False,True,False
False,True,False,True,False,False,False,True,False,False,False,False,True,False,False,False,False,False,False,False,True,False,False,False,False,True,False,False,True,True,False,True,False,True,False,True,False,False,False,False,True,False,False,False,True,True,False,False,False,False,True,False
False,False,True,True,False,False,True,False,False,False,False,True,False,False,False,False,False,False,False,True,False,False,False,False,False,True,False,True,False,True,False,True,False,False,True,True,False,False,False,False,True,False,False,False,True,True,False,False,False,False,True,False
False,False,True,True,False,False,True,False,False,False,False,False,True,False,False,False,False,False,False,True,False,False,False,False,False,True,False,True,False,True,False,True,False,False,True,False,True,False,False,True,False,False,False,False,True,True,False,False,False,False,True,False
True,False,False,True,False,False,True,False,False,False,True,False,False,False,False,False,False,False,False,True,False,False,False,False,False,True,False,True,False,True,False,True,False,True,False,False,True,False,False,True,False,False,False,False,True,True,False,False,False,False,True,False
False,False,True,True,False,False,True,False,False,False,False,False,True,False,False,False,False,False,True,False,False,False,False,False,False,True,False,True,False,True,False,False,True,False,True,False,True,False,False,True,False,False,False,True,False,True,False,False,False,False,False,True
False,True,False,True,False,False,False,False,False,True,False,False,False,False,True,False,False,False,False,True,False,False,False,False,False,True,False,True,False,True,False,False,True,False,True,False,True,False,False,True,False,False,False,False,True,True,False,False,False,False,True,False
False,True,False,True,False,False,True,False,False,False,False,False,True,False,False,False,False,False,False,True,False,False,False,False,False,True,False,False,True,True,False,True,False,True,False,False,True,False,False,False,True,False,False,False,True,True,False,False,False,False,False,True
True,False,False,True,False,False,True,False,False,False,False,True,False,False,False,False,False,False,True,False,False,False,False,False,False,True,False,True,False,True,False,True,False,False,True,True,False,False,False,False,True,False,False,False,True,True,False,False,False,False,True,False
False,True,False,True,False,False,False,True,False,False,False,False,False,True,False,False,False,False,False,False,True,False,False,False,False,True,False,False,True,False,True,False,True,False,True,True,False,False,True,False,False,False,False,False,True,True,False,False,False,False,False,True
False,True,False,True,False,False,False,True,False,False,False,False,False,True,False,False,False,False,False,True,False,False,False,False,False,True,False,True,False,True,False,True,False,False,True,False,True,False,False,True,False,False,False,False,True,True,False,False,False,False,False,True
False,False,True,True,False,True,False,False,False,False,False,False,False,True,False,False,False,False,True,False,False,False,False,False,False,True,False,True,False,False,True,False,True,False,True,True,False,False,False,True,False,False,False,False,True,True,False,False,False,False,False,True
False,True,False,True,False,False,False,True,False,False,False,True,False,False,False,False,False,False,True,False,False,False,False,True,False,False,False,False,True,True,False,False,True,True,False,True,False,False,False,False,True,False,False,False,True,False,False,False,False,True,False,True
False,False,True,True,False,False,False,False,True,False,False,False,False,True,False,False,False,False,False,True,False,False,False,False,False,True,False,False,True,True,False,False,True,False,True,True,False,False,False,True,False,False,True,False,False,True,False,False,False,False,True,False
False,False,True,True,False,False,False,True,False,False,False,True,False,False,False,False,False,False,True,False,False,False,False,False,True,False,False,True,False,True,False,True,False,True,False,False,True,False,False,False,True,False,False,False,True,True,False,False,False,False,True,False
False,False,True,True,False,False,True,False,False,False,False,False,True,False,False,False,False,False,False,True,False,False,False,False,False,True,False,False,True,True,False,True,False,False,True,True,False,False,False,False,True,False,False,False,True,True,False,False,False,False,False,True
False,True,False,True,False,False,True,False,False,False,False,True,False,False,False,False,False,True,False,False,False,False,False,False,False,True,False,True,False,True,False,True,False,True,False,False,True,False,False,True,False,False,False,False,True,True,False,False,False,False,False,True
False,True,False,True,False,False,True,False,False,False,False,True,False,False,False,False,False,False,True,False,False,False,False,False,False,True,False,True,False,True,False,True,False,True,False,False,True,False,False,False,True,False,False,False,True,True,False,False,False,False,True,False
False,True,False,True,False,False,True,False,False,False,False,False,True,False,False,False,False,True,False,False,False,False,False,False,False,True,False,True,False,True,False,True,False,False,True,True,False,False,False,False,True,False,False,False,True,True,False,False,False,False,False,True
False,True,False,True,False,False,False,True,False,False,False,False,False,True,False,False,False,False,True,False,False,False,False,False,False,True,False,True,False,True,False,False,True,False,True,True,False,False,False,True,False,False,False,True,False,True,False,False,False,False,False,True
False,False,True,True,False,False,False,True,False,False,False,False,False,True,False,False,False,False,True,False,False,False,False,False,False,True,False,False,True,True,False,True,False,True,False,False,True,False,False,True,False,False,False,False,True,True,False,False,False,False,False,True
False,False,True,True,False,False,False,False,True,False,False,False,True,False,False,False,False,False,False,True,False,False,False,False,False,True,False,True,False,True,False,False,True,False,True,True,False,False,False,False,True,False,False,False,True,True,False,False,False,False,True,False
False,False,True,True,False,False,False,False,True,False,False,False,True,False,False,False,False,False,False,False,False,False,True,False,False,True,False,True,False,True,False,False,True,False,True,True,False,False,False,False,True,False,False,False,True,True,False,False,False,False,False,True
False,False,True,True,False,True,False,False,False,False,False,False,True,False,False,False,False,True,False,False,False,False,False,False,False,True,False,True,False,True,False,True,False,False,True,True,False,False,False,False,True,False,False,False,True,True,False,False,False,False,True,False
False,True,False,True,False,False,False,True,False,False,False,False,False,False,True,False,False,False,False,True,False,False,False,False,False,True,False,False,True,True,False,False,True,False,True,True,False,False,False,True,False,False,False,False,True,False,False,False,True,False,True,False
True,False,False,True,False,True,False,False,False,False,False,True,False,False,False,False,False,False,True,False,False,False,False,False,False,True,False,False,True,True,False,True,False,True,False,True,False,False,False,True,False,False,False,False,True,True,False,False,False,False,False,True
True,False,False,True,False,False,True,False,False,False,False,False,True,False,False,False,False,False,True,False,False,False,False,False,True,False,False,True,False,True,False,True,False,False,True,True,False,False,False,False,True,False,False,False,True,False,False,True,False,False,True,False
True,False,False,True,False,False,False,True,False,False,False,False,False,False,True,False,False,False,False,False,True,False,False,True,False,False,False,True,False,True,False,True,False,False,True,True,False,False,False,True,False,False,False,False,True,True,False,False,False,False,True,False
False,True,False,True,False,False,True,False,False,False,False,True,False,False,False,False,False,False,True,False,False,False,False,False,True,False,False,True,False,True,False,True,False,False,True,False,True,False,False,False,True,False,False,False,True,True,False,False,False,False,True,False
True,False,False,True,False,False,False,True,False,False,False,False,False,True,False,False,False,False,False,False,False,False,True,False,False,True,False,True,False,True,False,True,False,False,True,True,False,False,False,False,True,False,False,False,True,True,False,False,False,False,False,True
False,True,False,True,False,False,True,False,False,False,False,False,True,False,False,False,False,False,True,False,False,False,False,False,False,True,False,True,False,True,False,True,False,False,True,True,False,False,False,True,False,False,False,False,True,True,False,False,False,False,True,False
False,True,False,True,False,False,True,False,False,False,False,True,False,False,False,False,False,False,True,False,False,False,False,False,False,True,False,False,True,True,False,True,False,False,True,True,False,False,False,True,False,False,False,False,True,True,False,False,False,False,False,True
True,False,False,True,False,False,False,True,False,False,False,False,True,False,False,False,False,False,False,False,True,False,False,False,True,False,False,True,False,True,False,True,False,True,False,False,True,False,False,False,True,False,False,False,True,True,False,False,False,False,False,True
False,True,False,True,False,False,False,True,False,False,False,False,False,True,False,False,False,False,False,False,True,False,False,False,False,True,False,True,False,True,False,False,True,True,False,False,True,False,False,True,False,False,False,False,True,True,False,False,False,False,True,False
False,True,False,True,False,False,True,False,False,False,False,False,True,False,False,False,False,False,True,False,False,False,False,False,False,True,False,True,False,True,False,False,True,False,True,True,False,False,False,False,True,False,False,False,True,True,False,False,False,False,True,False
False,True,False,True,False,True,False,False,False,False,False,True,False,False,False,False,False,False,True,False,False,False,False,False,False,True,False,False,True,True,False,True,False,True,False,True,False,False,False,True,False,False,False,False,True,True,False,False,False,False,True,False
False,True,False,True,False,False,False,True,False,False,False,False,False,True,False,False,False,False,False,True,False,False,False,False,False,True,False,False,True,False,True,False,True,False,True,True,False,False,False,True,False,False,False,False,True,False,False,False,True,False,False,True
False,True,False,True,False,False,False,True,False,False,False,False,False,True,False,False,False,False,False,True,False,False,False,False,False,True,False,True,False,True,False,False,True,True,False,False,True,False,False,True,False,False,False,False,True,True,False,False,False,False,True,False
False,True,False,True,False,False,True,False,False,False,False,False,True,False,False,False,False,False,False,False,False,False,True,True,False,False,False,True,False,True,False,True,False,True,False,False,True,False,False,False,True,False,False,False,True,True,False,False,False,False,True,False
False,True,False,True,False,False,True,False,False,False,False,False,False,True,False,False,False,True,False,False,False,False,False,False,False,True,False,False,True,True,False,True,False,True,False,True,False,False,False,False,True,False,False,True,False,True,False,False,False,False,True,False
False,False,True,True,False,False,False,True,False,False,False,False,True,False,False,False,False,False,True,False,False,False,False,False,False,True,False,True,False,True,False,True,False,True,False,False,True,False,False,False,True,False,False,False,True,False,False,False,False,True,False,True
False,True,False,True,False,False,True,False,False,False,False,False,True,False,False,False,False,False,True,False,False,False,False,False,False,True,False,False,True,True,False,True,False,True,False,True,False,False,False,False,True,False,False,False,True,True,False,False,False,False,True,False
False,True,False,True,False,False,True,False,False,False,False,False,True,False,False,False,False,False,True,False,False,False,False,False,False,True,False,True,False,True,False,True,False,False,True,True,False,False,False,False,True,False,False,False,True,True,False,False,False,False,True,False
False,True,False,True,False,False,False,True,False,False,False,False,False,True,False,False,False,False,False,True,False,False,False,False,False,True,False,False,True,True,False,True,False,True,False,True,False,False,False,False,True,False,False,False,True,False,False,False,True,False,False,True
False,False,True,True,False,False,True,False,False,False,False,False,True,False,False,False,False,False,True,False,False,False,False,False,False,True,False,True,False,True,False,False,True,False,True,True,False,False,False,False,True,False,False,False,True,True,False,False,False,False,False,True
False,False,True,True,False,False,False,True,False,False,False,True,False,False,False,False,False,False,True,False,False,False,False,False,False,True,False,True,False,True,False,True,False,True,False,True,False,False,False,False,True,False,False,False,True,True,False,False,False,False,True,False
False,True,False,True,False,False,True,False,False,False,False,True,False,False,False,False,False,False,False,True,False,False,False,False,False,True,False,True,False,True,False,True,False,True,False,True,False,False,False,False,True,False,False,False,True,True,False,False,False,False,True,False
True,False,False,True,False,False,True,False,False,False,False,False,True,False,False,False,False,False,False,False,True,False,False,False,False,True,False,True,False,True,False,True,False,True,False,False,True,False,False,True,False,False,False,False,True,True,False,False,False,False,True,False
False,False,True,True,False,False,True,False,False,False,False,True,False,False,False,False,False,False,False,True,False,False,False,False,False,True,False,True,False,True,False,True,False,False,True,True,False,False,False,False,True,False,False,False,True,True,False,False,False,False,True,False
False,False,True,True,False,False,False,True,False,False,False,False,False,True,False,False,False,False,False,True,False,False,False,False,False,True,False,False,True,True,False,False,True,False,True,False,True,False,False,True,False,False,False,False,True,True,False,False,False,False,False,True
True,False,False,True,False,True,False,False,False,False,False,True,False,False,False,False,False,False,False,False,True,False,False,False,False,True,False,True,False,True,False,False,True,False,True,False,True,False,False,False,True,False,False,False,True,False,True,False,False,False,False,True
False,False,True,True,False,False,False,False,True,False,False,True,False,False,False,False,False,False,True,False,False,False,False,False,False,True,False,True,False,True,False,True,False,False,True,True,False,False,False,False,True,False,False,False,True,True,False,False,False,False,False,True
False,False,True,True,False,False,False,True,False,False,False,False,False,True,False,False,False,False,False,True,False,False,False,False,False,True,False,True,False,True,False,True,False,True,False,False,True,False,False,False,True,False,True,False,False,True,False,False,False,False,True,False
False,False,True,True,False,False,False,True,False,False,False,False,False,True,False,False,False,False,False,True,False,False,False,False,False,True,False,False,True,True,False,True,False,False,True,True,False,False,False,True,False,False,False,False,True,True,False,False,False,False,True,False
False,False,True,True,False,False,False,False,True,False,False,False,True,False,False,False,False,False,False,False,False,False,True,False,False,True,False,True,False,True,False,False,True,False,True,True,False,False,False,True,False,False,False,True,False,True,False,False,False,False,False,True
False,False,True,True,False,False,False,True,False,False,False,False,True,False,False,False,False,False,False,True,False,False,False,False,False,True,False,False,True,True,False,True,False,True,False,True,False,False,False,True,False,False,False,False,True,False,False,True,False,False,False,True
False,True,False,True,False,False,True,False,False,False,False,True,False,False,False,False,False,False,True,False,False,False,False,False,False,True,False,True,False,True,False,True,False,True,False,False,True,False,False,False,True,False,False,False,True,True,False,False,False,False,True,False
True,False,False,True,False,False,True,False,False,False,False,False,True,False,False,False,False,False,False,True,False,False,False,False,False,True,False,True,False,True,False,True,False,False,True,True,False,False,False,False,True,False,False,False,True,True,False,False,False,False,False,True
False,True,False,True,False,False,False,True,False,False,False,False,True,False,False,False,False,False,True,False,False,False,False,False,True,False,False,True,False,True,False,True,False,False,True,True,False,False,False,False,True,False,False,False,True,True,False,False,False,False,False,True
False,False,True,True,False,False,False,True,False,False,False,True,False,False,False,False,False,True,False,False,False,False,False,False,False,True,False,True,False,True,False,False,True,False,True,True,False,False,False,True,False,False,False,False,True,True,False,False,False,False,False,True
False,True,False,True,False,False,False,True,False,False,False,False,True,False,False,False,False,False,False,True,False,False,False,False,False,True,False,True,False,True,False,True,False,True,False,False,True,False,False,True,False,False,False,False,True,True,False,False,False,False,False,True
False,True,False,True,False,False,False,False,True,False,False,False,True,False,False,False,False,False,False,False,False,False,True,False,False,True,False,False,True,True,False,True,False,True,False,True,False,False,False,False,True,False,False,False,True,True,False,False,False,False,False,True
False,False,True,True,False,False,False,True,False,False,False,False,False,True,False,False,False,False,False,True,False,False,False,False,False,True,False,True,False,True,False,True,False,True,False,False,True,False,False,False,True,False,True,False,False,True,False,False,False,False,True,False
False,False,True,True,False,False,False,True,False,False,False,False,True,False,False,False,False,False,False,False,True,False,False,False,False,True,False,True,False,False,True,False,True,True,False,True,False,False,True,False,False,False,False,False,True,False,True,False,False,False,False,True
False,True,False,True,False,False,False,True,False,False,False,True,False,False,False,False,False,False,False,False,True,False,False,False,False,True,False,True,False,True,False,False,True,False,True,False,True,False,False,True,False,False,False,False,True,True,False,False,False,False,False,True
False,True,False,True,False,False,False,True,False,False,False,False,False,True,False,False,False,False,False,True,False,False,False,False,False,True,False,True,False,True,False,True,False,False,True,False,True,False,False,False,True,False,False,False,True,True,False,False,False,False,True,False
False,True,False,True,False,False,True,False,False,False,False,True,False,False,False,False,False,False,True,False,False,False,False,False,False,True,False,False,True,True,False,True,False,False,True,True,False,False,False,False,True,False,False,False,True,True,False,False,False,False,False,True
True,False,False,True,False,False,False,False,True,False,False,False,False,False,True,False,False,False,False,False,True,False,False,False,False,True,False,True,False,True,False,True,False,True,False,True,False,False,False,False,True,False,False,False,True,True,False,False,False,False,False,True
False,False,True,True,False,False,True,False,False,False,False,False,False,True,False,False,False,False,True,False,False,False,False,False,False,True,False,False,True,True,False,True,False,False,True,True,False,False,True,False,False,False,True,False,False,True,False,False,False,False,True,False
True,False,False,True,False,True,False,False,False,False,False,True,False,False,False,False,False,False,True,False,False,False,False,False,True,False,False,True,False,True,False,True,False,False,True,True,False,False,False,True,False,False,False,False,True,False,False,True,False,False,True,False
True,False,False,True,False,False,True,False,False,False,False,True,False,False,False,False,False,False,False,False,True,False,False,True,False,False,False,False,True,True,False,False,True,True,False,True,False,False,False,True,False,False,False,False,True,True,False,False,False,False,True,False
False,True,False,True,False,False,True,False,False,False,False,True,False,False,False,False,False,False,False,True,False,False,False,False,False,True,False,True,False,True,False,False,True,True,False,True,False,False,True,False,False,False,True,False,False,True,False,False,False,False,False,True
True,False,False,True,False,False,False,True,False,False,True,False,False,False,False,False,True,False,False,False,False,False,False,False,True,False,False,True,False,True,False,True,False,False,True,False,True,False,True,False,False,False,False,True,False,True,False,False,False,False,True,False
False,True,False,True,False,False,True,False,False,False,False,True,False,False,False,False,False,True,False,False,False,False,False,False,False,True,False,True,False,True,False,True,False,False,True,False,True,False,False,True,False,False,False,False,True,True,False,False,False,False,True,False
False,False,True,True,False,False,False,False,True,False,False,False,False,True,False,False,False,False,False,False,False,False,True,False,False,True,False,True,False,True,False,False,True,True,False,True,False,False,False,False,True,False,False,False,True,True,False,False,False,False,True,False
False,True,False,True,False,False,True,False,False,False,False,False,True,False,False,False,False,False,True,False,False,False,False,False,False,True,False,False,True,True,False,True,False,False,True,True,False,False,False,True,False,False,False,False,True,True,False,False,False,False,False,True
True,False,False,True,False,False,False,True,False,False,False,False,True,False,False,False,False,False,False,False,False,True,False,False,False,False,True,False,True,True,False,True,False,True,False,True,False,False,False,False,True,False,False,False,True,False,False,False,True,False,False,True
False,True,False,True,False,False,False,False,True,False,False,False,False,False,True,False,False,False,False,True,False,False,False,False,False,False,True,True,False,True,False,True,False,True,False,False,True,False,True,False,False,False,True,False,False,False,False,False,True,False,False,True
False,True,False,True,False,False,False,False,True,False,False,False,False,True,False,False,False,False,False,False,True,False,False,False,False,True,False,True,False,True,False,True,False,False,True,False,True,False,False,False,True,False,False,False,True,True,False,False,False,False,False,True
False,False,True,True,False,False,False,False,True,False,False,False,False,True,False,False,False,False,False,True,False,False,False,False,False,True,False,False,True,False,True,False,True,False,True,True,False,False,False,False,True,False,False,False,True,False,True,False,False,False,False,True
False,True,False,True,False,False,False,True,False,False,False,False,False,True,False,False,False,False,False,False,False,False,True,False,False,True,False,True,False,True,False,True,False,False,True,True,False,False,False,False,True,False,False,False,True,True,False,False,False,False,True,False
False,True,False,True,False,False,False,True,False,False,False,True,False,False,False,False,False,False,True,False,False,False,False,False,False,True,False,True,False,True,False,True,False,False,True,True,False,False,False,False,True,False,False,False,True,True,False,False,False,False,True,False
False,False,True,True,False,False,False,False,True,False,False,False,False,True,False,False,False,False,False,False,False,False,True,False,False,True,False,True,False,False,True,True,False,True,False,True,False,False,False,True,False,False,False,False,True,True,False,False,False,False,True,False
False,True,False,True,False,False,False,True,False,False,False,False,True,False,False,False,False,False,False,True,False,False,False,False,False,True,False,True,False,True,False,True,False,True,False,False,True,False,False,True,False,False,True,False,False,True,False,False,False,False,False,True
True,False,False,True,False,False,True,False,False,False,True,False,False,False,False,False,False,False,False,True,False,False,False,False,False,True,False,False,True,True,False,True,False,True,False,True,False,False,False,False,True,False,False,False,True,True,False,False,False,False,True,False
False,True,False,True,False,False,True,False,False,False,False,True,False,False,False,False,False,True,False,False,False,False,False,False,False,True,False,False,True,True,False,True,False,False,True,True,False,False,False,False,True,False,False,False,True,True,False,False,False,False,False,True
False,True,False,True,False,False,False,True,False,False,False,False,True,False,False,False,False,False,False,True,False,False,False,False,True,False,False,True,False,True,False,False,True,False,True,False,True,False,False,True,False,False,False,True,False,True,False,False,False,False,True,False
False,False,True,True,False,False,False,True,False,False,False,False,True,False,False,False,False,False,False,True,False,False,False,False,False,True,False,True,False,True,False,True,False,True,False,False,True,False,False,False,True,False,False,False,True,True,False,False,False,False,True,False
False,False,True,True,False,False,False,True,False,False,False,True,False,False,False,False,False,False,False,True,False,False,False,False,False,True,False,True,False,True,False,True,False,False,True,False,True,False,False,False,True,False,False,False,True,False,True,False,False,False,False,True
False,True,False,True,False,False,False,True,False,False,False,False,True,False,False,False,False,False,True,False,False,False,False,False,False,True,False,True,False,True,False,True,False,True,False,False,True,False,False,True,False,False,False,False,True,True,False,False,False,False,False,True
False,True,False,True,False,False,True,False,False,False,False,True,False,False,False,False,False,False,False,True,False,False,False,True,False,False,False,False,True,True,False,False,True,True,False,True,False,False,False,True,False,False,False,False,True,False,True,False,False,False,False,True
False,True,False,True,False,False,True,False,False,False,False,True,False,False,False,False,False,True,False,False,False,False,False,True,False,False,False,False,True,True,False,True,False,True,False,False,True,False,False,False,True,False,False,False,True,False,False,True,False,False,False,True
False,True,False,True,False,False,True,False,False,False,False,True,False,False,False,False,False,False,False,False,False,False,True,False,False,False,True,True,False,True,False,True,False,False,True,False,True,False,False,False,True,False,False,False,True,True,False,False,False,False,False,True
False,True,False,True,False,False,False,True,False,False,False,False,True,False,False,False,False,False,False,False,True,False,False,False,False,True,False,False,True,True,False,True,False,True,False,False,True,False,False,True,False,False,False,True,False,False,False,False,False,True,False,True
False,True,False,True,False,False,False,True,False,False,False,True,False,False,False,False,False,True,False,False,False,False,False,False,True,False,False,True,False,True,False,True,False,False,True,True,False,False,False,True,False,False,False,False,True,False,False,False,True,False,True,False
False,False,True,True,False,True,False,False,False,False,False,True,False,False,False,False,False,True,False,False,False,False,False,False,False,True,False,True,False,True,False,True,False,False,True,True,False,False,False,False,True,False,False,False,True,True,False,False,False,False,True,False
False,True,False,True,False,False,True,False,False,False,False,False,True,False,False,False,True,False,False,False,False,False,False,False,False,True,False,True,False,True,False,True,False,True,False,False,True,False,False,False,True,False,False,False,True,False,False,False,True,False,False,True
False,True,False,True,False,False,False,True,False,False,False,False,False,True,False,False,False,False,False,False,True,False,False,False,False,True,False,False,True,True,False,True,False,False,True,True,False,False,False,True,False,False,False,False,True,True,False,False,False,False,True,False
True,False,False,True,False,False,False,True,False,False,False,False,False,True,False,False,False,False,False,False,True,False,False,False,False,True,False,False,True,True,False,False,True,True,False,True,False,False,False,True,False,False,False,False,True,True,False,False,False,False,False,True
False,False,True,True,False,False,False,True,False,False,False,True,False,False,False,False,False,False,True,False,False,False,False,False,False,True,False,True,False,True,False,True,False,True,False,False,True,False,False,True,False,False,False,False,True,True,False,False,False,False,False,True
False,True,False,True,False,False,False,True,False,False,False,False,False,True,False,False,False,False,False,False,True,False,False,False,False,True,False,True,False,True,False,False,True,False,True,True,False,False,False,True,False,False,False,False,True,True,False,False,False,False,True,False
False,True,False,True,False,False,False,False,False,True,False,False,True,False,False,False,False,False,False,False,False,False,True,False,False,True,False,True,False,True,False,True,False,True,False,False,True,False,False,False,True,False,False,False,True,True,False,False,False,False,True,False
False,False,True,True,False,False,False,False,True,False,False,False,True,False,False,False,False,False,True,False,False,False,False,False,False,True,False,False,True,True,False,False,True,True,False,False,True,False,False,True,False,False,False,False,True,False,False,False,False,True,True,False
True,False,False,True,False,False,False,True,False,False,False,True,False,False,False,False,False,False,False,True,False,False,False,False,False,True,False,True,False,True,False,True,False,False,True,True,False,False,False,True,False,False,False,False,True,False,False,False,True,False,True,False
False,True,False,True,False,False,True,False,False,False,False,False,False,True,False,False,False,False,False,True,False,False,False,False,False,True,False,True,False,True,False,True,False,True,False,False,True,False,False,False,True,False,False,False,True,True,False,False,False,False,False,True
False,False,True,True,False,False,True,False,False,False,False,False,True,False,False,False,False,False,False,True,False,False,False,False,False,True,False,True,False,True,False,True,False,False,True,True,False,False,False,True,False,False,False,False,True,True,False,False,False,False,True,False
True,False,False,True,False,False,False,True,False,False,False,False,True,False,False,False,False,False,True,False,False,False,False,False,False,True,False,True,False,True,False,False,True,True,False,False,True,False,False,True,False,False,False,False,True,True,False,False,False,False,False,True
False,True,False,True,False,False,True,False,False,False,False,False,True,False,False,False,False,False,True,False,False,False,False,False,False,True,False,True,False,True,False,True,False,False,True,True,False,False,False,False,True,False,False,False,True,True,False,False,False,False,False,True
False,True,False,True,False,False,False,True,False,False,False,False,True,False,False,False,False,False,True,False,False,False,False,False,False,True,False,False,True,True,False,True,False,True,False,True,False,False,False,True,False,False,True,False,False,True,False,False,False,False,False,True
False,True,False,True,False,True,False,False,False,False,False,True,False,False,False,False,False,False,False,False,True,False,False,False,False,True,False,True,False,True,False,True,False,False,True,False,True,False,False,True,False,False,False,False,True,True,False,False,False,False,False,True
True,False,False,True,False,False,False,True,False,False,False,False,True,False,False,False,False,False,False,False,True,False,False,False,False,True,False,True,False,True,False,True,False,False,True,False,True,False,False,True,False,False,False,False,True,True,False,False,False,False,False,True
True,False,False,True,False,False,False,True,False,False,False,False,False,True,False,False,False,False,False,True,False,False,False,False,False,True,False,True,False,True,False,True,False,False,True,True,False,False,False,True,False,False,False,False,True,True,False,False,False,False,False,True
True,False,False,True,False,False,False,True,False,False,False,False,False,True,False,False,False,False,False,True,False,False,False,False,False,True,False,True,False,True,False,True,False,True,False,False,True,False,True,False,False,False,False,False,True,True,False,False,False,False,True,False
False,False,True,True,False,False,True,False,False,False,False,True,False,False,False,False,False,False,True,False,False,False,False,False,False,True,False,True,False,True,False,True,False,False,True,True,False,False,False,False,True,False,False,False,True,True,False,False,False,False,True,False
False,False,True,True,False,False,False,False,False,True,False,True,False,False,False,False,False,True,False,False,False,False,False,False,False,False,True,True,False,True,False,True,False,True,False,False,True,False,True,False,False,False,True,False,False,True,False,False,False,False,True,False
True,False,False,True,False,False,True,False,False,False,False,True,False,False,False,False,False,False,False,False,True,False,False,False,False,True,False,True,False,True,False,True,False,True,False,False,True,False,False,True,False,False,False,False,True,True,False,False,False,False,False,True
False,False,True,True,False,False,False,True,False,False,False,False,False,True,False,False,False,False,False,True,False,False,False,False,False,True,False,True,False,True,False,True,False,False,True,True,False,False,False,False,True,False,False,False,True,True,False,False,False,False,False,True
True,False,False,True,False,True,False,False,False,False,True,False,False,False,False,False,False,True,False,False,False,False,False,False,False,True,False,True,False,True,False,True,False,True,False,True,False,False,False,True,False,False,False,False,True,True,False,False,False,False,False,True
False,True,False,True,False,False,True,False,False,False,False,False,True,False,False,False,False,False,True,False,False,False,False,False,False,True,False,True,False,True,False,False,True,True,False,True,False,False,False,True,False,False,False,False,True,True,False,False,False,False,True,False
False,True,False,True,False,True,False,False,False,False,False,True,False,False,False,False,False,True,False,False,False,False,False,False,False,True,False,True,False,True,False,True,False,True,False,True,False,False,False,False,True,False,False,False,True,False,True,False,False,False,True,False
False,False,True,True,False,False,False,False,True,False,False,True,False,False,False,False,False,False,False,True,False,False,False,False,False,True,False,True,False,False,True,False,True,True,False,True,False,False,False,True,False,False,False,False,True,False,False,False,True,False,True,False
False,True,False,True,False,False,False,True,False,False,False,True,False,False,False,False,False,False,False,True,False,False,False,False,False,True,False,True,False,True,False,True,False,True,False,False,True,False,False,False,True,False,False,False,True,True,False,False,False,False,True,False
False,False,True,True,False,False,True,False,False,False,False,True,False,False,False,False,False,True,False,False,False,False,False,False,False,True,False,False,True,True,False,True,False,False,True,True,False,False,False,True,False,False,False,False,True,True,False,False,False,False,False,True
True,False,False,True,False,True,False,False,False,False,False,True,False,False,False,False,False,False,True,False,False,False,False,False,False,True,False,True,False,True,False,True,False,False,True,True,False,False,False,True,False,False,False,True,False,True,False,False,False,False,True,False
False,True,False,True,False,False,False,True,False,False,False,False,False,False,True,False,False,False,True,False,False,False,False,False,False,True,False,False,True,True,False,True,False,True,False,True,False,False,True,False,False,False,False,False,True,True,False,False,False,False,True,False
False,True,False,True,False,False,False,True,False,False,False,True,False,False,False,False,False,False,True,False,False,False,False,True,False,False,False,True,False,True,False,False,True,False,True,True,False,False,False,False,True,False,False,False,True,False,False,False,True,False,False,True
True,False,False,True,False,False,False,True,False,False,False,False,False,True,False,False,False,False,False,False,True,False,False,False,False,True,False,False,True,True,False,True,False,False,True,True,False,False,False,True,False,False,False,False,True,True,False,False,False,False,False,True
False,False,True,True,False,False,False,False,True,False,False,False,True,False,False,False,False,False,False,True,False,False,False,False,False,True,False,False,True,True,False,True,False,True,False,True,False,False,False,False,True,False,False,False,True,True,False,False,False,False,False,True
True,False,False,True,False,False,False,True,False,False,False,False,True,False,False,False,False,False,False,False,True,False,False,False,False,True,False,True,False,True,False,True,False,False,True,True,False,False,False,True,False,False,False,False,True,True,False,False,False,False,False,True
False,True,False,True,False,False,False,False,True,False,False,False,False,True,False,False,False,False,False,False,True,False,False,False,False,True,False,False,True,False,True,False,True,True,False,True,False,False,False,True,False,False,False,False,True,True,False,False,False,False,True,False
True,False,False,True,False,False,False,True,False,False,False,False,False,True,False,False,False,False,False,True,False,False,False,False,False,True,False,True,False,True,False,True,False,False,True,True,False,False,False,False,True,False,False,False,True,False,False,False,True,False,True,False
False,True,False,True,False,False,True,False,False,False,False,False,True,False,False,False,False,True,False,False,False,False,False,False,False,True,False,False,True,True,False,False,True,True,False,True,False,False,False,False,True,False,False,False,True,True,False,False,False,False,True,False
False,False,True,True,False,False,False,True,False,False,False,False,True,False,False,False,False,False,True,False,False,False,False,False,False,True,False,True,False,True,False,True,False,False,True,True,False,False,False,False,True,False,False,False,True,True,False,False,False,False,False,True
False,False,True,True,False,False,False,True,False,False,False,False,True,False,False,False,False,False,False,True,False,False,False,False,False,True,False,False,True,True,False,True,False,False,True,False,True,False,False,True,False,False,False,False,True,True,False,False,False,False,False,True
False,False,True,True,False,False,False,False,True,False,False,False,False,False,True,False,False,False,False,False,False,True,False,False,False,False,True,True,False,True,False,True,False,True,False,False,True,False,True,False,False,False,True,False,False,True,False,False,False,False,False,True
False,False,True,True,False,False,False,True,False,False,False,False,False,True,False,False,False,False,False,False,True,False,False,False,False,True,False,True,False,True,False,True,False,False,True,False,True,False,False,True,False,False,False,False,True,True,False,False,False,False,False,True
False,True,False,True,False,False,False,True,False,False,False,False,False,True,False,False,False,False,False,True,False,False,False,False,False,True,False,False,True,True,False,True,False,True,False,False,True,False,False,False,True,False,False,False,True,False,True,False,False,False,False,True
False,False,True,True,False,False,False,True,False,False,False,False,True,False,False,False,False,False,True,False,False,False,False,False,False,True,False,True,False,True,False,False,True,True,False,True,False,False,False,True,False,False,False,False,True,True,False,False,False,False,False,True
False,False,True,True,False,False,True,False,False,False,False,False,True,False,False,False,False,False,False,True,False,False,False,False,False,True,False,True,False,True,False,True,False,False,True,True,False,False,False,False,True,False,False,False,True,True,False,False,False,False,False,True
False,False,True,True,False,False,False,False,True,False,True,False,False,False,False,False,False,False,False,True,False,False,False,False,False,True,False,False,True,True,False,False,True,True,False,True,False,False,False,False,True,False,False,False,True,False,True,False,False,False,True,False
False,True,False,True,False,False,True,False,False,False,True,False,False,False,False,False,False,False,True,False,False,False,False,False,False,True,False,True,False,True,False,True,False,True,False,True,False,False,False,False,True,False,False,False,True,False,True,False,False,False,True,False
False,False,True,True,False,False,False,False,True,False,False,False,True,False,False,False,False,False,False,True,False,False,False,False,False,True,False,True,False,True,False,True,False,False,True,False,True,False,False,False,True,False,False,False,True,True,False,False,False,False,False,True
False,True,False,True,False,False,False,False,True,False,False,False,False,True,False,False,False,False,False,True,False,False,False,False,False,True,False,True,False,True,False,False,True,False,True,False,True,False,False,True,False,False,False,True,False,True,False,False,False,False,True,False
True,False,False,True,False,False,True,False,False,False,False,True,False,False,False,False,False,False,True,False,False,False,False,False,True,False,False,True,False,True,False,True,False,True,False,False,True,False,False,False,True,False,False,False,True,True,False,False,False,False,False,True
False,True,False,True,False,False,False,False,False,True,False,False,False,True,False,False,False,False,False,True,False,False,False,False,False,True,False,True,False,True,False,True,False,False,True,True,False,False,False,False,True,False,False,False,True,True,False,False,False,False,True,False
False,True,False,True,False,False,False,True,False,False,False,False,True,False,False,False,False,False,False,True,False,False,False,True,False,False,False,True,False,True,False,True,False,True,False,False,True,False,False,True,False,False,False,False,True,False,False,False,False,True,False,True
False,False,True,True,False,False,False,False,True,False,False,False,True,False,False,False,False,False,False,False,True,False,False,False,False,True,False,True,False,True,False,False,True,False,True,False,True,False,True,False,False,False,True,False,False,False,False,False,False,True,False,True
False,True,False,True,False,False,False,True,False,False,False,False,True,False,False,False,False,False,True,False,False,False,False,False,False,True,False,True,False,True,False,True,False,False,True,True,False,False,False,False,True,False,False,False,True,True,False,False,False,False,False,True
False,True,False,True,False,False,True,False,False,False,False,False,True,False,False,False,False,False,False,False,True,False,False,False,False,True,False,False,True,True,False,True,False,False,True,True,False,False,False,False,True,False,False,False,True,True,False,False,False,False,False,True
False,False,True,True,False,False,False,True,False,False,False,False,False,True,False,False,False,False,True,False,False,False,False,False,False,True,False,False,True,True,False,True,False,False,True,True,False,False,False,True,False,False,False,False,True,False,False,False,True,False,False,True
True,False,False,True,False,False,False,True,False,False,False,False,False,False,True,False,False,False,False,False,True,False,False,False,False,True,False,True,False,True,False,True,False,False,True,False,True,False,False,True,False,False,False,False,True,True,False,False,False,False,True,False
True,False,False,True,False,False,False,False,True,False,False,False,True,False,False,False,False,False,False,False,True,False,False,False,False,True,False,True,False,True,False,True,False,False,True,False,True,False,False,True,False,False,False,False,True,False,False,True,False,False,False,True
False,False,True,True,False,False,False,True,False,False,False,False,True,False,False,False,False,False,False,False,True,False,False,False,False,True,False,True,False,False,True,True,False,True,False,False,True,False,False,False,True,False,False,False,True,False,True,False,False,False,False,True
True,False,False,True,False,False,True,False,False,False,False,True,False,False,False,False,False,False,True,False,False,False,False,False,False,True,False,True,False,True,False,True,False,False,True,False,True,False,False,True,False,False,False,False,True,True,False,False,False,False,True,False
False,True,False,True,False,False,True,False,False,False,False,False,True,False,False,False,False,True,False,False,False,False,False,False,False,True,False,False,True,True,False,True,False,True,False,True,False,False,False,True,False,False,False,False,True,True,False,False,False,False,False,True
False,False,True,True,False,False,False,True,False,False,False,True,False,False,False,False,False,False,False,False,True,False,False,False,False,True,False,True,False,True,False,True,False,False,True,True,False,False,False,True,False,False,False,False,True,True,False,False,False,False,True,False
False,True,False,True,False,False,False,True,False,False,False,False,False,True,False,False,False,False,True,False,False,False,False,False,True,False,False,False,True,True,False,False,True,True,False,True,False,False,False,True,False,False,False,False,True,True,False,False,False,False,False,True
False,True,False,True,False,True,False,False,False,False,False,False,False,True,False,False,False,False,False,True,False,False,False,False,False,True,False,False,True,True,False,True,False,False,True,True,False,False,False,True,False,False,False,True,False,True,False,False,False,False,True,False
False,True,False,True,False,False,False,True,False,False,False,False,True,False,False,False,False,False,False,True,False,False,False,False,False,True,False,True,False,True,False,True,False,True,False,False,True,False,False,False,True,False,False,False,True,False,False,True,False,False,False,True
False,False,True,True,False,False,False,False,True,False,False,False,False,True,False,False,False,False,False,True,False,False,False,False,False,True,False,True,False,True,False,True,False,False,True,True,False,False,True,False,False,True,False,False,False,True,False,False,False,False,False,True
True,False,False,True,False,False,False,True,False,False,False,False,False,True,False,False,False,False,False,True,False,False,False,False,False,True,False,True,False,True,False,True,False,False,True,False,True,False,False,False,True,False,False,False,True,True,False,False,False,False,False,True
False,True,False,True,False,False,False,False,True,False,False,False,False,True,False,False,False,False,False,False,True,False,False,False,False,True,False,True,False,False,True,True,False,False,True,False,True,False,False,True,False,False,False,False,True,False,False,False,False,True,True,False
False,False,True,True,False,False,False,False,True,False,False,False,True,False,False,False,False,False,False,False,True,False,False,False,False,True,False,False,True,True,False,True,False,False,True,True,False,False,False,True,False,False,False,False,True,False,True,False,False,False,False,True
False,False,True,True,False,False,True,False,False,False,False,False,True,False,False,False,False,True,False,False,False,False,False,False,False,True,False,True,False,True,False,True,False,False,True,False,True,False,False,False,True,False,False,False,True,True,False,False,False,False,True,False
False,False,True,True,False,False,True,False,False,False,False,False,True,False,False,False,False,False,True,False,False,False,False,False,False,False,True,False,True,True,False,True,False,False,True,True,False,False,False,False,True,False,False,False,True,False,False,True,False,False,False,True
False,False,True,True,False,False,False,True,False,False,False,False,False,True,False,False,False,False,False,True,False,False,False,False,False,True,False,True,False,True,False,True,False,False,True,True,False,False,False,True,False,False,True,False,False,True,False,False,False,False,False,True
False,True,False,True,False,False,False,True,False,False,False,False,False,True,False,False,False,False,False,True,False,False,False,False,False,True,False,True,False,False,True,False,True,True,False,False,True,False,True,False,False,False,False,False,True,True,False,False,False,False,False,True
False,False,True,True,False,False,False,False,True,False,False,False,True,False,False,False,False,False,False,False,False,False,True,False,False,True,False,True,False,True,False,True,False,False,True,False,True,False,False,True,False,False,False,False,True,False,False,False,True,False,False,True
False,True,False,True,False,False,False,False,True,False,False,False,False,True,False,False,False,False,False,False,False,True,False,False,False,True,False,False,True,True,False,False,True,True,False,True,False,False,False,False,True,False,False,False,True,False,False,False,True,False,False,True
False,True,False,True,False,False,False,True,False,False,False,False,True,False,False,False,False,False,False,True,False,False,False,False,False,True,False,True,False,True,False,True,False,True,False,True,False,False,False,True,False,False,False,False,True,False,True,False,False,False,True,False
False,True,False,True,False,False,True,False,False,False,False,True,False,False,False,False,False,False,False,True,False,False,False,False,False,True,False,True,False,True,False,True,False,True,False,False,True,False,True,False,False,False,False,False,True,False,False,False,False,True,False,True
False,True,False,True,False,False,False,True,False,False,False,False,False,True,False,False,False,False,False,True,False,False,False,True,False,False,False,True,False,True,False,True,False,True,False,False,True,False,False,True,False,False,False,False,True,True,False,False,False,False,True,False
False,False,True,True,False,False,True,False,False,False,False,False,True,False,False,False,False,False,False,True,False,False,False,False,True,False,False,True,False,True,False,True,False,False,True,True,False,False,False,True,False,False,False,False,True,True,False,False,False,False,False,True
False,True,False,True,False,False,True,False,False,False,False,False,True,False,False,False,False,False,True,False,False,False,False,False,False,True,False,True,False,True,False,False,True,True,False,True,False,False,False,True,False,False,False,False,True,False,True,False,False,False,True,False
False,True,False,True,False,False,True,False,False,False,False,False,True,False,False,False,False,False,True,False,False,False,False,False,False,True,False,True,False,True,False,False,True,False,True,True,False,False,False,True,False,False,False,False,True,False,True,False,False,False,True,False
False,True,False,True,False,False,False,True,False,False,False,True,False,False,False,False,False,False,False,False,False,True,False,True,False,False,False,True,False,True,False,True,False,False,True,True,False,False,False,False,True,False,False,False,True,True,False,False,False,False,True,False
True,False,False,True,False,False,True,False,False,False,False,False,False,True,False,False,False,False,False,False,False,False,True,False,False,True,False,True,False,True,False,False,True,True,False,True,False,False,False,False,True,False,False,False,True,True,False,False,False,False,True,False
False,True,False,True,False,False,False,True,False,False,False,False,False,True,False,False,False,False,False,False,True,False,False,False,False,True,False,True,False,True,False,True,False,False,True,True,False,False,False,False,True,False,False,False,True,True,False,False,False,False,True,False
False,True,False,True,False,False,True,False,False,False,False,False,True,False,False,False,False,False,False,True,False,False,False,False,True,False,False,True,False,True,False,True,False,False,True,False,True,False,False,True,False,False,False,False,True,True,False,False,False,False,False,True
False,True,False,True,False,False,False,True,False,False,False,False,False,True,False,False,False,False,False,True,False,False,False,False,False,True,False,True,False,True,False,True,False,False,True,True,False,False,False,False,True,False,False,False,True,False,True,False,False,False,True,False
False,True,False,True,False,False,False,True,False,False,False,False,True,False,False,False,False,False,False,True,False,False,False,False,False,True,False,False,True,True,False,False,True,False,True,True,False,False,False,False,True,False,False,False,True,True,False,False,False,False,True,False
False,True,False,True,False,False,False,True,False,False,False,True,False,False,False,False,False,False,False,True,False,False,False,False,False,True,False,False,True,True,False,True,False,False,True,True,False,False,False,True,False,False,False,False,True,True,False,False,False,False,True,False
False,True,False,True,False,False,False,True,False,False,False,False,True,False,False,False,False,False,True,False,False,False,False,False,False,True,False,True,False,True,False,True,False,False,True,True,False,False,False,False,True,False,False,False,True,True,False,False,False,False,True,False
False,True,False,True,False,True,False,False,False,False,False,True,False,False,False,False,False,False,True,False,False,False,False,False,False,True,False,True,False,True,False,True,False,True,False,False,True,False,False,False,True,False,False,False,True,True,False,False,False,False,False,True
False,True,False,True,False,False,True,False,False,False,False,True,False,False,False,False,False,False,True,False,False,False,False,False,False,True,False,True,False,True,False,True,False,True,False,False,True,False,False,False,True,False,False,False,True,True,False,False,False,False,True,False
False,True,False,True,False,False,True,False,False,False,False,True,False,False,False,False,False,True,False,False,False,False,False,False,False,True,False,False,True,True,False,False,True,True,False,True,False,False,False,True,False,False,False,False,True,True,False,False,False,False,False,True
True,False,False,True,False,False,False,True,False,False,False,True,False,False,False,False,False,False,True,False,False,False,False,False,False,True,False,True,False,True,False,True,False,True,False,True,False,False,False,False,True,False,False,True,False,True,False,False,False,False,True,False
False,False,True,True,False,False,False,False,True,False,False,False,False,True,False,False,False,False,False,False,False,False,True,False,False,True,False,False,True,True,False,True,False,False,True,True,False,False,False,True,False,False,False,False,True,True,False,False,False,False,False,True
False,True,False,True,False,False,True,False,False,False,False,True,False,False,False,False,False,False,False,False,True,False,False,False,False,True,False,True,False,True,False,True,False,False,True,False,True,False,False,False,True,False,False,False,True,True,False,False,False,False,True,False
False,False,True,True,False,False,False,True,False,False,False,False,True,False,False,False,False,False,False,True,False,False,False,False,False,True,False,True,False,True,False,True,False,False,True,True,False,False,False,False,True,False,False,False,True,True,False,False,False,False,True,False
False,False,True,True,False,False,True,False,False,False,False,True,False,False,False,False,False,False,True,False,False,False,False,False,False,True,False,True,False,True,False,True,False,True,False,False,True,False,False,False,True,False,False,False,True,True,False,False,False,False,False,True
False,True,False,True,False,False,False,True,False,False,False,False,False,True,False,False,False,False,False,True,False,False,False,False,False,True,False,True,False,True,False,True,False,True,False,False,True,False,False,True,False,False,False,False,True,True,False,False,False,False,False,True
False,True,False,True,False,False,False,True,False,False,False,False,True,False,False,False,False,False,True,False,False,False,False,False,False,True,False,True,False,True,False,False,True,False,True,True,False,False,False,False,True,False,False,False,True,True,False,False,False,False,False,True
False,False,True,True,False,True,False,False,False,False,False,False,True,False,False,False,False,False,True,False,False,False,False,False,False,True,False,True,False,True,False,True,False,False,True,True,False,False,False,True,False,False,False,False,True,True,False,False,False,False,False,True
True,False,False,True,False,False,True,False,False,False,False,True,False,False,False,False,False,False,False,True,False,False,False,False,False,True,False,True,False,True,False,True,False,False,True,False,True,False,False,True,False,False,False,False,True,False,False,False,True,False,False,True
False,False,True,True,False,False,False,False,True,False,False,False,True,False,False,False,False,False,False,False,True,False,False,False,False,True,False,True,False,True,False,False,True,False,True,True,False,False,True,False,False,False,False,False,True,False,False,False,False,True,False,True
True,False,False,True,False,False,True,False,False,False,False,False,True,False,False,False,False,False,True,False,False,False,False,False,False,True,False,True,False,True,False,True,False,False,True,True,False,False,False,True,False,False,False,False,True,False,True,False,False,False,True,False
True,False,False,True,False,False,False,False,True,False,False,False,False,True,False,False,False,False,False,True,False,False,False,False,False,True,False,True,False,True,False,False,True,False,True,False,True,False,False,True,False,False,False,False,True,True,False,False,False,False,False,True
False,True,False,True,False,False,False,True,False,False,False,False,True,False,False,False,False,False,False,True,False,False,False,False,False,True,False,False,True,False,True,True,False,False,True,True,False,False,True,False,False,False,False,False,True,True,False,False,False,False,False,True
False,False,True,True,False,False,False,True,False,False,False,False,False,True,False,False,False,False,False,True,False,False,False,False,False,True,False,True,False,True,False,True,False,True,False,False,True,False,False,False,True,False,False,False,True,True,False,False,False,False,True,False
False,False,True,True,False,False,True,False,False,False,False,True,False,False,False,False,False,False,False,True,False,False,False,False,False,True,False,True,False,True,False,True,False,True,False,False,True,False,False,False,True,False,False,False,True,True,False,False,False,False,True,False
False,True,False,True,False,False,True,False,False,False,False,False,True,False,False,False,False,False,True,False,False,False,False,False,False,True,False,True,False,True,False,True,False,True,False,False,True,False,False,False,True,False,False,False,True,True,False,False,False,False,False,True
False,False,True,True,False,False,False,False,False,True,False,False,True,False,False,False,False,False,False,False,False,True,False,False,False,True,False,True,False,True,False,True,False,True,False,False,True,False,True,False,False,False,True,False,False,False,True,False,False,False,True,False
False,True,False,True,False,False,False,True,False,False,False,False,True,False,False,False,False,True,False,False,False,False,False,False,False,True,False,True,False,True,False,False,True,False,True,True,False,False,False,True,False,False,False,True,False,True,False,False,False,False,False,True
False,True,False,True,False,False,False,True,False,False,False,False,False,True,False,False,False,False,True,False,False,False,False,False,False,True,False,False,True,True,False,False,True,False,True,True,False,False,False,False,True,False,False,False,True,False,False,False,False,True,False,True
True,False,False,True,False,False,False,True,False,False,False,False,True,False,False,False,False,False,True,False,False,False,False,False,False,True,False,False,True,True,False,True,False,False,True,True,False,False,False,True,False,False,False,False,True,True,False,False,False,False,False,True
True,False,False,True,False,False,True,False,False,False,False,False,True,False,False,False,False,False,False,False,False,False,True,False,False,True,False,True,False,True,False,True,False,False,True,False,True,False,False,False,True,False,False,False,True,True,False,False,False,False,True,False
False,True,False,True,False,False,False,False,True,False,False,False,False,False,True,False,False,False,False,False,False,True,False,False,False,True,False,False,True,True,False,False,True,False,True,True,False,False,False,False,True,False,False,False,True,True,False,False,False,False,False,True
False,True,False,True,False,False,False,True,False,False,False,False,True,False,False,False,False,False,False,False,True,False,False,False,False,True,False,True,False,True,False,True,False,False,True,True,False,False,False,False,True,False,False,False,True,True,False,False,False,False,True,False
True,False,False,True,False,False,False,True,False,False,False,True,False,False,False,False,False,True,False,False,False,False,False,False,False,True,False,False,True,True,False,True,False,True,False,True,False,False,True,False,False,False,False,False,True,True,False,False,False,False,False,True
False,False,True,True,False,False,False,False,True,False,False,False,False,True,False,False,False,False,False,False,True,False,False,False,False,True,False,False,True,True,False,False,True,False,True,True,False,False,False,False,True,False,True,False,False,True,False,False,False,False,False,True
False,False,True,True,False,False,True,False,False,False,False,False,True,False,False,False,False,False,False,False,True,False,False,False,True,False,False,True,False,True,False,True,False,True,False,True,False,False,False,False,True,False,False,False,True,True,False,False,False,False,False,True
False,False,True,True,False,False,True,False,False,False,False,False,False,True,False,False,False,False,False,True,False,False,False,False,False,True,False,False,True,True,False,False,True,False,True,True,False,False,False,True,False,False,False,False,True,True,False,False,False,False,True,False
False,True,False,True,False,False,True,False,False,False,False,False,True,False,False,False,False,False,False,False,False,True,False,True,False,False,False,True,False,True,False,True,False,False,True,True,False,False,False,False,True,False,False,False,True,True,False,False,False,False,True,False
True,False,False,True,False,False,False,True,False,False,False,True,False,False,False,False,False,False,False,True,False,False,False,True,False,False,False,True,False,True,False,False,True,False,True,True,False,False,False,False,True,False,False,False,True,False,True,False,False,False,True,False
False,False,True,True,False,False,True,False,False,False,False,False,True,False,False,False,False,False,True,False,False,False,False,True,False,False,False,False,True,True,False,False,True,False,True,False,True,False,False,False,True,False,False,False,True,True,False,False,False,False,True,False
False,True,False,True,False,False,False,True,False,False,False,False,True,False,False,False,False,False,False,False,True,False,False,False,False,True,False,True,False,True,False,True,False,False,True,True,False,False,False,True,False,False,False,False,True,False,False,False,False,True,False,True
False,True,False,True,False,False,True,False,False,False,False,True,False,False,False,False,False,True,False,False,False,False,False,False,False,True,False,True,False,True,False,True,False,True,False,False,True,False,False,False,True,False,False,False,True,True,False,False,False,False,False,True
False,False,True,True,False,False,False,False,True,False,False,True,False,False,False,False,False,True,False,False,False,False,False,False,False,True,False,True,False,True,False,True,False,False,True,True,False,False,False,False,True,False,False,False,True,True,False,False,False,False,False,True
False,True,False,True,False,False,True,False,False,False,False,False,True,False,False,False,False,True,False,False,False,False,False,True,False,False,False,True,False,True,False,True,False,True,False,False,True,False,False,False,True,False,False,False,True,True,False,False,False,False,False,True
False,False,True,True,False,False,False,False,True,False,False,False,False,False,True,False,False,False,False,True,False,False,False,False,True,False,False,True,False,True,False,True,False,False,True,True,False,False,False,False,True,False,False,False,True,True,False,False,False,False,False,True
True,False,False,True,False,False,True,False,False,False,False,False,True,False,False,False,False,False,False,False,False,False,True,False,False,True,False,True,False,True,False,True,False,False,True,True,False,False,False,False,True,False,False,False,True,True,False,False,False,False,False,True
False,True,False,True,False,False,True,False,False,False,False,True,False,False,False,False,False,False,True,False,False,False,False,False,False,True,False,True,False,True,False,True,False,True,False,True,False,False,False,False,True,False,False,False,True,True,False,False,False,False,True,False
False,True,False,True,False,False,False,True,False,False,False,True,False,False,False,False,False,False,False,True,False,False,False,False,False,True,False,True,False,True,False,False,True,False,True,False,True,False,False,False,True,False,False,False,True,True,False,False,False,False,False,True
True,False,False,True,False,False,False,True,False,False,False,True,False,False,False,False,False,False,False,True,False,False,False,False,False,True,False,True,False,True,False,True,False,True,False,False,True,False,False,False,True,False,False,False,True,True,False,False,False,False,False,True
False,True,False,True,False,False,False,False,True,False,False,False,True,False,False,False,False,False,False,True,False,False,False,True,False,False,False,True,False,True,False,False,True,True,False,True,False,False,False,True,False,False,False,False,True,True,False,False,False,False,True,False
False,True,False,True,False,False,True,False,False,False,False,True,False,False,False,False,False,False,False,True,False,False,False,False,False,True,False,False,True,True,False,True,False,False,True,True,False,False,False,True,False,False,False,False,True,True,False,False,False,False,True,False
False,False,True,True,False,False,False,True,False,False,False,False,True,False,False,False,False,False,False,True,False,False,False,False,False,True,False,True,False,True,False,True,False,True,False,False,True,False,False,False,True,False,False,False,True,True,False,False,False,False,True,False
False,True,False,True,False,False,False,False,True,False,False,False,True,False,False,False,False,False,False,True,False,False,False,True,False,False,False,True,False,True,False,True,False,True,False,False,True,False,False,False,True,False,False,False,True,True,False,False,False,False,True,False
False,False,True,True,False,False,True,False,False,False,False,True,False,False,False,False,False,False,False,False,False,False,True,False,False,True,False,True,False,True,False,True,False,True,False,False,True,False,False,False,True,False,False,False,True,True,False,False,False,False,True,False
False,True,False,True,False,False,True,False,False,False,False,True,False,False,False,False,False,False,True,False,False,False,False,False,False,True,False,True,False,True,False,True,False,True,False,False,True,False,False,False,True,False,False,False,True,True,False,False,False,False,False,True
False,True,False,True,False,False,False,True,False,False,False,False,False,True,False,False,False,False,False,True,False,False,False,False,False,True,False,True,False,True,False,False,True,True,False,True,False,False,False,False,True,False,False,False,True,True,False,False,False,False,True,False
False,True,False,True,False,False,True,False,False,False,False,False,False,True,False,False,False,False,True,False,False,False,False,False,False,True,False,True,False,True,False,True,False,False,True,False,True,False,True,False,False,False,False,False,True,True,False,False,False,False,False,True
False,False,True,True,False,False,False,True,False,False,False,False,False,True,False,False,False,True,False,False,False,False,False,False,False,True,False,False,True,False,True,False,True,True,False,False,True,False,True,False,False,False,True,False,False,True,False,False,False,False,True,False
True,False,False,True,False,False,False,True,False,False,False,True,False,False,False,False,False,False,False,False,True,False,False,False,False,True,False,True,False,True,False,True,False,False,True,False,True,False,False,True,False,False,False,False,True,True,False,False,False,False,True,False
False,False,True,True,False,False,False,False,False,True,False,False,True,False,False,False,False,False,False,True,False,False,False,False,False,False,True,True,False,True,False,False,True,False,True,True,False,False,True,False,False,False,True,False,False,True,False,False,False,False,False,True
False,False,True,True,False,False,False,False,True,False,False,False,False,True,False,False,False,False,False,False,True,False,False,False,False,True,False,False,True,True,False,False,True,False,True,True,False,False,False,True,False,False,False,False,True,True,False,False,False,False,False,True
False,True,False,True,False,False,False,True,False,False,False,False,False,True,False,False,False,False,False,True,False,False,False,False,False,True,False,True,False,True,False,True,False,False,True,True,False,False,False,False,True,False,False,False,True,False,False,False,True,False,False,True
True,False,False,True,False,False,True,False,False,False,False,True,False,False,False,False,False,False,True,False,False,False,False,False,False,True,False,False,True,True,False,True,False,False,True,True,False,False,False,True,False,False,False,False,True,True,False,False,False,False,False,True
False,True,False,True,False,False,False,True,False,False,False,False,True,False,False,False,False,False,False,True,False,False,False,False,False,True,False,True,False,True,False,True,False,True,False,False,True,False,False,True,False,False,False,False,True,True,False,False,False,False,True,False
False,False,True,True,False,False,False,True,False,False,False,True,False,False,False,False,False,False,False,False,False,False,True,False,False,True,False,True,False,True,False,False,True,True,False,False,True,False,False,True,False,False,True,False,False,True,False,False,False,False,False,True
False,True,False,True,False,False,True,False,False,False,False,True,False,False,False,False,False,False,True,False,False,False,False,False,False,True,False,True,False,True,False,True,False,False,True,True,False,False,False,False,True,False,False,False,True,True,False,False,False,False,False,True
False,False,True,True,False,False,True,False,False,False,False,False,True,False,False,False,False,False,False,True,False,False,False,False,False,True,False,True,False,True,False,True,False,False,True,False,True,False,False,False,True,False,False,False,True,True,False,False,False,False,True,False
False,True,False,True,False,False,False,False,True,False,False,False,False,True,False,False,False,False,False,True,False,False,False,False,False,True,False,True,False,True,False,True,False,False,True,True,False,False,False,True,False,False,False,False,True,True,False,False,False,False,True,False
False,True,False,True,False,True,False,False,False,False,False,False,True,False,False,False,False,False,True,False,False,False,False,False,False,True,False,True,False,True,False,True,False,False,True,True,False,False,False,False,True,False,False,False,True,True,False,False,False,False,False,True
True,False,False,True,False,False,False,False,True,False,False,False,False,True,False,False,False,False,False,False,True,False,False,False,False,True,False,True,False,True,False,True,False,True,False,False,True,False,False,True,False,False,False,False,True,False,True,False,False,False,False,True
False,False,True,True,False,False,False,True,False,False,False,False,False,True,False,False,False,False,False,False,False,False,True,False,False,True,False,True,False,True,False,True,False,True,False,False,True,False,False,True,False,False,False,False,True,True,False,False,False,False,False,True
False,True,False,True,False,False,False,False,False,True,False,False,False,False,True,False,False,False,False,True,False,False,False,False,False,True,False,False,True,True,False,False,True,True,False,True,False,False,False,True,False,False,False,False,True,True,False,False,False,False,True,False
False,True,False,True,False,False,False,False,True,False,False,False,False,False,True,False,False,False,False,False,False,False,True,False,False,True,False,True,False,True,False,True,False,False,True,True,False,False,False,False,True,False,False,False,True,True,False,False,False,False,False,True
True,False,False,True,False,False,True,False,False,False,False,True,False,False,False,False,False,False,False,False,True,False,False,False,False,True,False,True,False,True,False,True,False,False,True,True,False,False,False,False,True,False,False,False,True,True,False,False,False,False,False,True
False,True,False,True,False,False,False,True,False,False,False,True,False,False,False,False,False,False,False,True,False,False,False,False,False,True,False,True,False,True,False,False,True,False,True,True,False,False,False,True,False,False,False,False,True,True,False,False,False,False,False,True
False,True,False,True,False,False,False,True,False,False,False,False,False,True,False,False,False,False,False,False,False,False,True,False,False,True,False,True,False,True,False,False,True,False,True,True,False,False,False,True,False,False,False,False,True,False,False,False,False,True,False,True
False,True,False,True,False,False,True,False,False,False,False,False,True,False,False,False,False,True,False,False,False,False,False,False,False,True,False,True,False,True,False,True,False,True,False,True,False,False,False,False,True,False,False,False,True,True,False,False,False,False,True,False
False,False,True,True,False,False,False,False,True,False,False,False,False,True,False,False,False,False,True,False,False,False,False,False,False,True,False,True,False,True,False,False,True,True,False,False,True,False,False,True,False,False,False,False,True,True,False,False,False,False,True,False
True,False,False,True,False,False,True,False,False,False,False,True,False,False,False,False,False,False,True,False,False,False,False,False,False,True,False,True,False,True,False,True,False,True,False,False,True,False,False,False,True,False,False,False,True,True,False,False,False,False,False,True
False,True,False,True,False,False,True,False,False,False,False,True,False,False,False,False,False,False,True,False,False,False,False,False,False,True,False,True,False,True,False,True,False,True,False,False,True,False,False,True,False,False,False,False,True,True,False,False,False,False,False,True
False,True,False,True,False,False,False,False,True,False,False,False,False,False,True,False,False,False,False,False,False,False,True,False,False,True,False,True,False,True,False,True,False,True,False,False,True,False,False,True,False,False,False,False,True,True,False,False,False,False,False,True
False,True,False,True,False,False,True,False,False,False,False,False,True,False,False,False,False,False,False,False,True,False,False,False,False,True,False,True,False,True,False,True,False,False,True,False,True,False,False,True,False,False,False,False,True,True,False,False,False,False,False,True
True,False,False,True,False,False,False,True,False,False,False,False,True,False,False,False,False,False,False,True,False,False,False,False,False,True,False,True,False,True,False,True,False,True,False,False,True,False,False,True,False,False,False,False,True,True,False,False,False,False,False,True
False,True,False,True,False,False,True,False,False,False,False,False,True,False,False,False,False,False,True,False,False,False,False,False,False,True,False,False,True,True,False,True,False,False,True,True,False,False,False,True,False,False,False,False,True,True,False,False,False,False,False,True
False,True,False,True,False,True,False,False,False,False,False,True,False,False,False,False,False,True,False,False,False,False,False,False,False,True,False,True,False,True,False,True,False,True,False,True,False,False,False,False,True,False,False,False,True,True,False,False,False,False,True,False
False,False,True,True,False,False,False,True,False,False,False,False,False,True,False,False,False,False,True,False,False,False,False,False,False,True,False,True,False,False,True,True,False,False,True,False,True,False,False,True,False,False,False,True,False,True,False,False,False,False,True,False
False,True,False,True,False,False,True,False,False,False,False,False,True,False,False,False,False,False,True,False,False,False,False,False,False,True,False,True,False,True,False,True,False,True,False,False,True,False,False,False,True,False,False,False,True,True,False,False,False,False,True,False
False,True,False,True,False,False,False,True,False,False,False,False,True,False,False,False,False,False,False,True,False,False,False,True,False,False,False,True,False,True,False,True,False,True,False,False,True,True,False,False,False,False,False,False,True,True,False,False,False,False,False,True
False,False,True,True,False,False,False,True,False,False,False,True,False,False,False,False,False,False,False,False,True,False,False,False,False,True,False,False,True,True,False,True,False,False,True,True,False,False,False,True,False,False,False,False,True,True,False,False,False,False,False,True
False,False,True,True,False,False,False,True,False,False,False,False,True,False,False,False,False,False,False,False,False,False,True,False,False,True,False,True,False,True,False,True,False,True,False,False,True,False,False,True,False,False,False,False,True,True,False,False,False,False,True,False
True,False,False,True,False,False,False,True,False,False,False,False,True,False,False,False,False,False,False,False,True,False,False,False,True,False,False,False,True,True,False,True,False,False,True,False,True,False,False,True,False,False,False,False,True,True,False,False,False,False,False,True
False,True,False,True,False,False,False,False,True,False,False,False,True,False,False,False,False,False,False,False,True,False,False,False,False,True,False,False,True,True,False,True,False,False,True,True,False,False,True,False,False,False,False,False,True,False,False,False,False,True,False,True
False,True,False,True,False,False,True,False,False,False,False,True,False,False,False,False,False,False,False,True,False,False,False,False,False,True,False,True,False,True,False,True,False,True,False,False,True,False,False,True,False,False,False,False,True,False,False,False,True,False,False,True
False,True,False,True,False,False,False,True,False,False,False,False,False,True,False,False,False,False,False,True,False,False,False,False,False,True,False,True,False,True,False,True,False,False,True,True,False,False,False,False,True,False,False,False,True,True,False,False,False,False,True,False
False,True,False,True,False,False,True,False,False,False,False,False,False,False,True,False,False,False,True,False,False,False,False,False,False,True,False,True,False,False,True,True,False,False,True,True,False,False,False,True,False,False,False,False,True,True,False,False,False,False,True,False
False,True,False,True,False,False,False,True,False,False,False,False,True,False,False,False,False,False,False,True,False,False,False,False,True,False,False,False,True,True,False,False,True,True,False,True,False,False,False,True,False,False,True,False,False,True,False,False,False,False,True,False
True,False,False,True,False,False,True,False,False,False,False,False,True,False,False,False,False,False,False,True,False,False,False,True,False,False,False,False,True,True,False,True,False,True,False,True,False,False,False,False,True,False,False,False,True,True,False,False,False,False,False,True
False,True,False,True,False,False,True,False,False,False,False,True,False,False,False,False,False,False,True,False,False,False,False,False,False,True,False,True,False,True,False,True,False,False,True,False,True,False,True,False,False,False,False,False,True,True,False,False,False,False,True,False
False,True,False,True,False,False,False,True,False,False,False,False,False,True,False,False,False,False,False,True,False,False,False,False,True,False,False,False,True,True,False,False,True,False,True,False,True,False,False,True,False,False,False,False,True,True,False,False,False,False,False,True
False,False,True,True,False,False,False,False,True,False,False,False,True,False,False,False,False,False,False,False,False,True,False,False,False,True,False,True,False,False,True,True,False,False,True,True,False,False,False,False,True,False,False,False,True,True,False,False,False,False,True,False
False,False,True,True,False,True,False,False,False,False,False,True,False,False,False,False,False,False,False,True,False,False,False,True,False,False,False,True,False,True,False,True,False,True,False,False,True,False,False,False,True,False,False,False,True,True,False,False,False,False,False,True
False,True,False,True,False,False,True,False,False,False,False,False,True,False,False,False,False,False,False,False,True,False,False,False,False,True,False,True,False,True,False,True,False,True,False,False,True,False,False,False,True,False,False,False,True,True,False,False,False,False,False,True
False,True,False,True,False,False,False,True,False,False,False,False,True,False,False,False,False,False,False,True,False,False,False,False,False,True,False,True,False,True,False,True,False,True,False,False,True,False,False,False,True,False,False,False,True,True,False,False,False,False,True,False
True,False,False,True,False,False,False,True,False,False,False,False,True,False,False,False,False,False,False,False,False,True,False,False,False,True,False,True,False,True,False,True,False,True,False,False,True,False,False,False,True,False,False,False,True,True,False,False,False,False,True,False
False,True,False,True,False,False,False,True,False,False,False,False,True,False,False,False,False,False,False,False,False,False,True,False,False,True,False,True,False,True,False,True,False,False,True,True,False,False,False,False,True,False,False,False,True,False,False,False,True,False,True,False
False,True,False,True,False,False,False,False,True,False,False,True,False,False,False,False,False,True,False,False,False,False,False,False,False,True,False,False,True,True,False,True,False,False,True,True,False,False,False,True,False,False,False,False,True,True,False,False,False,False,False,True
False,True,False,True,False,False,False,True,False,False,False,False,False,True,False,False,False,False,False,True,False,False,False,False,False,True,False,True,False,True,False,True,False,True,False,False,True,False,False,False,True,False,False,False,True,True,False,False,False,False,False,True
True,False,False,True,False,False,False,False,True,False,False,False,False,True,False,False,False,False,False,False,True,False,False,False,False,True,False,True,False,True,False,True,False,True,False,False,True,False,False,True,False,False,False,False,True,True,False,False,False,False,True,False
False,True,False,True,False,False,False,True,False,False,False,False,False,True,False,False,False,False,False,False,True,False,False,False,False,True,False,True,False,True,False,True,False,True,False,True,False,False,False,True,False,False,False,False,True,True,False,False,False,False,True,False
False,True,False,True,False,False,False,True,False,False,False,False,False,True,False,False,False,False,False,False,True,False,False,False,False,True,False,True,False,True,False,True,False,True,False,False,True,False,False,True,False,False,False,False,True,True,False,False,False,False,False,True
True,False,False,True,False,False,False,True,False,False,False,False,True,False,False,False,False,False,False,True,False,False,False,False,False,True,False,True,False,True,False,True,False,True,False,False,True,False,False,False,True,False,False,False,True,False,False,True,False,False,True,False
False,False,True,True,False,False,False,False,True,False,False,False,False,True,False,False,False,False,False,False,True,False,False,False,False,False,True,True,False,False,True,False,True,False,True,True,False,False,False,True,False,False,False,False,True,False,False,False,True,False,False,True
False,True,False,True,False,False,False,False,True,False,False,False,False,True,False,False,False,False,False,False,False,True,False,False,False,True,False,True,False,True,False,False,True,True,False,True,False,False,False,True,False,False,False,False,True,False,True,False,False,False,False,True
False,True,False,True,False,False,True,False,False,False,False,True,False,False,False,False,False,False,False,True,False,False,False,False,False,True,False,True,False,True,False,True,False,True,False,False,True,False,False,True,False,False,False,False,True,False,False,True,False,False,False,True
False,True,False,True,False,False,False,False,False,True,False,False,False,False,True,False,False,False,False,False,False,True,False,False,False,True,False,True,False,True,False,True,False,False,True,False,True,False,False,False,True,False,False,False,True,False,False,True,False,False,True,False
False,False,True,True,False,False,True,False,False,False,False,False,True,False,False,False,False,False,False,False,True,False,False,False,False,True,False,True,False,True,False,True,False,False,True,True,False,False,False,False,True,False,False,False,True,False,True,False,False,False,False,True
False,True,False,True,False,False,False,True,False,False,False,False,False,False,True,False,False,False,False,False,False,True,False,False,False,True,False,False,True,False,True,False,True,False,True,True,False,False,False,True,False,False,False,False,True,True,False,False,False,False,False,True
False,True,False,True,False,False,True,False,False,False,False,False,True,False,False,False,False,False,True,False,False,False,False,False,False,True,False,True,False,True,False,False,True,False,True,True,False,False,False,True,False,False,False,True,False,True,False,False,False,False,False,True
False,True,False,True,False,False,False,True,False,False,False,True,False,False,False,False,False,False,False,True,False,False,False,False,False,True,False,True,False,True,False,True,False,True,False,True,False,False,False,False,True,False,False,False,True,True,False,False,False,False,False,True
False,True,False,True,False,False,True,False,False,False,False,True,False,False,False,False,False,False,True,False,False,False,False,False,False,True,False,True,False,True,False,True,False,False,True,True,False,False,False,False,True,False,False,False,True,True,False,False,False,False,True,False
False,False,True,True,False,False,False,True,False,False,False,False,True,False,False,False,False,False,False,False,True,False,False,False,False,True,False,True,False,True,False,True,False,False,True,False,True,False,False,False,True,False,False,False,True,False,False,True,False,False,False,True
False,True,False,True,False,False,False,True,False,False,False,False,True,False,False,False,False,False,False,False,False,True,False,True,False,False,False,False,True,True,False,True,False,False,True,True,False,False,False,True,False,False,False,False,True,False,True,False,False,False,False,True
False,True,False,True,False,False,False,True,False,False,False,True,False,False,False,False,False,False,True,False,False,False,False,False,False,True,False,True,False,True,False,False,True,True,False,True,False,False,True,False,False,False,True,False,False,True,False,False,False,False,False,True
False,True,False,True,False,False,False,True,False,False,False,False,True,False,False,False,False,False,True,False,False,False,False,True,False,False,False,True,False,True,False,True,False,True,False,False,True,False,False,False,True,False,False,False,True,True,False,False,False,False,True,False
False,True,False,True,False,True,False,False,False,False,False,True,False,False,False,False,False,True,False,False,False,False,False,False,True,False,False,False,True,True,False,True,False,True,False,True,False,False,False,False,True,False,False,False,True,True,False,False,False,False,False,True
False,False,True,True,False,False,False,True,False,False,False,False,False,True,False,False,False,False,False,False,True,False,False,False,False,True,False,True,False,True,False,False,True,False,True,True,False,False,False,True,False,False,False,False,True,True,False,False,False,False,False,True
False,True,False,True,False,False,True,False,False,False,False,False,True,False,False,False,False,False,False,False,False,True,False,False,True,False,False,True,False,True,False,False,True,False,True,True,False,False,False,False,True,False,False,False,True,True,False,False,False,False,True,False
False,True,False,True,False,False,False,True,False,False,False,False,True,False,False,False,False,False,False,True,False,False,False,False,False,True,False,True,False,True,False,False,True,True,False,True,False,False,False,True,False,False,False,False,True,True,False,False,False,False,False,True
True,False,False,True,False,False,True,False,False,False,False,False,False,True,False,False,False,False,False,True,False,False,False,False,False,True,False,False,True,True,False,True,False,True,False,True,False,False,False,True,False,False,False,False,True,True,False,False,False,False,False,True
False,True,False,True,False,False,False,False,True,False,False,False,True,False,False,False,False,False,False,False,True,False,False,False,False,True,False,True,False,True,False,True,False,True,False,False,True,False,True,False,False,False,False,False,True,True,False,False,False,False,True,False
False,True,False,True,False,False,True,False,False,False,False,True,False,False,False,False,False,False,True,False,False,False,False,False,False,True,False,True,False,True,False,True,False,False,True,True,False,False,False,False,True,False,False,False,True,True,False,False,False,False,False,True
False,True,False,True,False,False,True,False,False,False,False,True,False,False,False,False,False,False,False,False,True,False,False,True,False,False,False,True,False,True,False,False,True,True,False,False,True,False,False,False,True,False,False,False,True,True,False,False,False,False,True,False
False,True,False,True,False,False,False,False,True,False,False,False,False,False,True,False,False,False,False,False,True,False,False,False,False,True,False,False,True,True,False,False,True,False,True,False,True,False,False,True,False,False,False,False,True,True,False,False,False,False,True,False
True,False,False,True,False,False,False,True,False,False,False,True,False,False,False,False,False,False,False,True,False,False,False,False,False,True,False,False,True,True,False,False,True,False,True,False,True,False,True,False,False,False,False,False,True,True,False,False,False,False,False,True
False,True,False,True,False,False,False,True,False,False,False,False,False,True,False,False,False,False,False,False,True,False,False,True,False,False,False,False,True,True,False,False,True,True,False,True,False,False,False,False,True,False,False,False,True,False,False,False,False,True,True,False
False,True,False,True,False,False,True,False,False,False,False,False,True,False,False,False,False,False,False,True,False,False,False,False,False,True,False,True,False,True,False,True,False,True,False,True,False,False,False,True,False,False,False,False,True,False,False,False,False,True,False,True
True,False,False,True,False,False,False,False,True,False,False,False,True,False,False,False,False,False,False,False,True,False,False,True,False,False,False,False,True,True,False,True,False,True,False,True,False,False,False,False,True,False,False,False,True,True,False,False,False,False,False,True
False,True,False,True,True,False,False,False,False,False,False,False,False,True,False,False,False,False,False,False,False,True,False,False,False,True,False,True,False,True,False,True,False,False,True,True,False,False,False,False,True,True,False,False,False,False,True,False,False,False,False,True
False,False,True,True,False,False,False,True,False,False,True,False,False,False,False,False,False,False,False,False,False,False,True,False,False,True,False,True,False,True,False,True,False,True,False,False,True,False,False,False,True,False,False,False,True,True,False,False,False,False,True,False
False,True,False,True,False,False,True,False,False,False,False,True,False,False,False,False,False,False,True,False,False,False,False,False,False,True,False,True,False,True,False,True,False,True,False,False,True,False,False,True,False,False,False,False,True,True,False,False,False,False,False,True
False,True,False,True,False,False,False,True,False,False,False,False,True,False,False,False,False,False,False,False,True,False,False,False,False,True,False,False,True,True,False,True,False,False,True,True,False,False,False,True,False,False,False,False,True,True,False,False,False,False,False,True
False,True,False,True,False,False,False,True,False,False,False,False,False,True,False,False,False,False,False,True,False,False,False,False,False,True,False,True,False,True,False,True,False,False,True,True,False,False,False,True,False,False,False,False,True,False,False,False,True,False,True,False
False,True,False,True,False,False,True,False,False,False,False,True,False,False,False,False,False,False,True,False,False,False,False,False,True,False,False,True,False,True,False,True,False,True,False,False,True,False,False,False,True,False,False,False,True,False,False,True,False,False,True,False
False,True,False,True,False,False,False,False,True,False,False,False,True,False,False,False,False,False,True,False,False,False,False,False,False,True,False,True,False,True,False,True,False,True,False,False,True,False,False,False,True,False,False,False,True,True,False,False,False,False,False,True
False,True,False,True,False,False,False,False,True,False,False,False,True,False,False,False,False,False,False,True,False,False,False,False,False,True,False,True,False,True,False,True,False,False,True,True,False,False,False,True,False,False,False,False,True,True,False,False,False,False,False,True
True,False,False,True,False,True,False,False,False,False,False,False,True,False,False,False,False,False,True,False,False,False,False,True,False,False,False,False,True,True,False,True,False,True,False,True,False,False,False,True,False,False,False,False,True,True,False,False,False,False,False,True
False,False,True,True,False,False,True,False,False,False,False,False,True,False,False,False,False,False,True,False,False,False,False,False,False,True,False,True,False,True,False,True,False,False,True,False,True,False,False,False,True,False,False,False,True,True,False,False,False,False,False,True
False,True,False,True,False,False,True,False,False,False,False,True,False,False,False,False,False,False,False,True,False,False,False,False,False,True,False,True,False,True,False,True,False,False,True,False,True,False,False,False,True,False,False,False,True,False,False,False,True,False,True,False
True,False,False,True,False,False,False,False,False,True,False,True,False,False,False,False,False,False,False,False,False,True,False,False,False,True,False,True,False,False,True,False,True,True,False,True,False,False,True,False,False,False,False,False,True,True,False,False,False,False,True,False
False,True,False,True,False,False,False,True,False,False,False,True,False,False,False,False,False,False,False,True,False,False,False,False,False,True,False,True,False,True,False,True,False,True,False,False,True,False,False,False,True,False,False,False,True,False,True,False,False,False,True,False
False,True,False,True,False,False,False,True,False,False,False,False,False,True,False,False,False,False,True,False,False,False,False,False,False,True,False,True,False,True,False,True,False,True,False,False,True,False,False,True,False,False,False,False,True,True,False,False,False,False,True,False
False,True,False,True,False,True,False,False,False,False,False,True,False,False,False,False,False,True,False,False,False,False,False,False,False,True,False,True,False,True,False,True,False,False,True,True,False,False,False,True,False,False,False,False,True,False,False,False,True,False,False,True
True,False,False,True,False,False,False,True,False,False,False,False,False,True,False,False,False,False,False,False,True,False,False,False,False,True,False,True,False,True,False,False,True,False,True,True,False,False,False,True,False,False,False,False,True,True,False,False,False,False,True,False
False,False,True,True,False,False,False,False,True,False,False,False,False,True,False,False,False,False,True,False,False,False,False,False,False,True,False,True,False,False,True,True,False,True,False,False,True,False,False,False,True,False,True,False,False,True,False,False,False,False,False,True
False,False,True,True,False,False,False,True,False,False,False,False,False,True,False,False,False,False,False,True,False,False,False,False,False,True,False,True,False,True,False,True,False,True,False,False,True,False,True,False,False,False,False,True,False,True,False,False,False,False,False,True
False,True,False,True,False,False,True,False,False,False,False,True,False,False,False,False,False,False,True,False,False,False,False,False,False,True,False,True,False,False,True,True,False,False,True,False,True,False,False,False,True,False,False,False,True,True,False,False,False,False,True,False
False,False,True,True,False,False,False,True,False,False,False,True,False,False,False,False,False,True,False,False,False,False,False,False,False,True,False,True,False,True,False,True,False,True,False,False,True,False,False,False,True,False,False,False,True,True,False,False,False,False,True,False
False,True,False,True,False,False,False,True,False,False,False,False,False,True,False,False,False,False,True,False,False,False,False,False,False,True,False,True,False,True,False,True,False,False,True,True,False,False,False,False,True,False,False,False,True,True,False,False,False,False,True,False
False,False,True,True,False,False,False,True,False,False,False,False,True,False,False,False,False,False,False,True,False,False,False,False,False,True,False,False,True,True,False,True,False,True,False,True,False,False,True,False,False,False,False,False,True,True,False,False,False,False,False,True
False,True,False,True,False,False,False,False,True,False,False,False,False,True,False,False,False,False,True,False,False,False,False,False,False,True,False,True,False,True,False,False,True,True,False,True,False,False,False,True,False,False,False,False,True,True,False,False,False,False,False,True
False,True,False,True,False,False,True,False,False,False,False,False,True,False,False,False,True,False,False,False,False,False,False,False,False,True,False,True,False,True,False,True,False,True,False,False,True,False,False,True,False,False,False,False,True,True,False,False,False,False,False,True
False,True,False,True,False,False,False,True,False,False,False,False,False,True,False,False,False,False,False,True,False,False,False,False,False,True,False,False,True,True,False,True,False,False,True,True,False,False,False,False,True,False,False,False,True,True,False,False,False,False,False,True
False,False,True,True,False,False,False,True,False,False,False,True,False,False,False,False,False,False,True,False,False,False,False,True,False,False,False,False,True,True,False,False,True,False,True,True,False,False,False,True,False,False,False,False,True,True,False,False,False,False,False,True
False,True,False,True,False,False,True,False,False,False,False,False,True,False,False,False,False,False,False,False,False,False,True,False,False,True,False,False,True,True,False,True,False,True,False,True,False,False,False,False,True,False,False,False,True,True,False,False,False,False,True,False
False,True,False,True,False,False,False,True,False,False,False,False,False,True,False,False,False,False,False,False,True,False,False,False,False,True,False,True,False,True,False,True,False,True,False,False,True,False,False,True,False,False,False,False,True,True,False,False,False,False,True,False
True,False,False,True,False,False,True,False,False,False,False,False,True,False,False,False,False,False,True,False,False,False,False,False,False,True,False,True,False,True,False,True,False,True,False,False,True,False,False,False,True,False,False,False,True,False,False,False,True,False,False,True
False,True,False,True,False,False,False,True,False,False,False,False,False,True,False,False,False,False,False,True,False,False,False,False,False,True,False,False,True,True,False,False,True,False,True,True,False,False,False,True,False,False,False,True,False,True,False,False,False,False,False,True
False,False,True,True,False,False,False,True,False,False,False,True,False,False,False,False,False,False,False,True,False,False,False,False,False,True,False,True,False,True,False,False,True,False,True,True,False,False,False,False,True,False,False,False,True,True,False,False,False,False,True,False
False,True,False,True,False,False,True,False,False,False,False,False,True,False,False,False,False,False,False,True,False,False,False,False,False,True,False,False,True,True,False,True,False,False,True,False,True,False,False,True,False,False,False,False,True,True,False,False,False,False,False,True
False,False,True,True,False,False,False,False,True,False,False,False,True,False,False,False,False,False,False,False,True,False,False,False,False,True,False,True,False,False,True,True,False,False,True,True,False,False,False,True,False,False,False,False,True,True,False,False,False,False,False,True
True,False,False,True,False,False,False,True,False,False,False,False,True,False,False,False,False,False,False,True,False,False,False,False,False,True,False,True,False,True,False,True,False,False,True,True,False,False,False,False,True,False,False,False,True,False,False,False,True,False,True,False
False,False,True,True,False,False,False,True,False,False,False,False,False,True,False,False,False,False,True,False,False,False,False,False,False,True,False,True,False,True,False,True,False,True,False,False,True,False,False,False,True,False,False,False,True,True,False,False,False,False,True,False
False,True,False,True,False,True,False,False,False,False,False,False,True,False,False,False,False,False,False,True,False,False,False,False,False,True,False,True,False,True,False,True,False,True,False,False,True,False,False,False,True,False,False,False,True,True,False,False,False,False,False,True
True,False,False,True,False,False,False,False,True,False,False,False,False,False,True,False,False,False,False,False,False,False,True,False,True,False,False,False,True,True,False,True,False,True,False,True,False,False,False,False,True,False,False,False,True,True,False,False,False,False,False,True
True,False,False,True,False,False,False,True,False,False,False,False,True,False,False,False,False,False,False,True,False,False,False,False,False,True,False,True,False,True,False,False,True,False,True,True,False,False,False,True,False,False,False,False,True,True,False,False,False,False,True,False
False,False,True,True,False,False,True,False,False,False,False,False,True,False,False,False,False,False,False,False,True,False,False,True,False,False,False,True,False,True,False,True,False,True,False,False,True,False,False,False,True,False,False,False,True,True,False,False,False,False,True,False
False,True,False,True,False,False,True,False,False,False,False,False,True,False,False,False,False,False,True,False,False,False,False,False,False,True,False,True,False,True,False,True,False,True,False,False,True,False,False,False,True,False,False,False,True,False,False,False,True,False,True,False
False,True,False,True,False,False,True,False,False,False,False,True,False,False,False,False,False,True,False,False,False,False,False,False,False,True,False,True,False,True,False,True,False,False,True,False,True,False,False,True,False,False,False,False,True,True,False,False,False,False,False,True
False,False,True,True,False,False,True,False,False,False,False,True,False,False,False,False,False,False,True,False,False,False,False,False,False,True,False,True,False,True,False,True,False,True,False,True,False,False,True,False,False,False,False,False,True,True,False,False,False,False,True,False
False,True,False,True,False,False,False,True,False,False,False,False,True,False,False,False,False,False,True,False,False,False,False,False,False,True,False,True,False,True,False,False,True,False,True,True,False,False,True,False,False,False,False,False,True,True,False,False,False,False,False,True
False,True,False,True,False,False,True,False,False,False,False,True,False,False,False,False,False,False,False,True,False,False,False,False,False,True,False,True,False,True,False,True,False,True,False,True,False,False,False,False,True,False,False,False,True,True,False,False,False,False,True,False
False,False,True,True,False,False,False,True,False,False,False,True,False,False,False,False,False,False,False,False,False,True,False,False,False,True,False,True,False,True,False,True,False,True,False,False,True,False,False,False,True,False,False,False,True,True,False,False,False,False,False,True
False,True,False,True,False,False,False,True,False,False,False,True,False,False,False,False,False,False,True,False,False,False,False,False,False,True,False,True,False,True,False,True,False,False,True,True,False,False,False,False,True,False,False,False,True,False,True,False,False,False,False,True
True,False,False,True,False,False,False,True,False,False,False,False,True,False,False,False,False,False,False,False,False,False,True,False,False,True,False,True,False,True,False,True,False,True,False,False,True,False,False,False,True,False,False,False,True,True,False,False,False,False,False,True
True,False,False,True,False,False,True,False,False,False,False,False,True,False,False,False,False,False,False,False,True,False,False,False,False,True,False,True,False,True,False,True,False,True,False,False,True,False,False,False,True,False,False,False,True,True,False,False,False,False,True,False
False,False,True,True,False,False,False,False,True,False,False,False,True,False,False,False,False,False,True,False,False,False,False,False,False,False,True,False,True,True,False,True,False,True,False,True,False,False,False,False,True,False,False,False,True,True,False,False,False,False,False,True
True,False,False,True,False,False,False,True,False,False,False,False,True,False,False,False,False,False,False,True,False,False,False,False,False,True,False,True,False,True,False,True,False,True,False,False,True,False,False,False,True,False,False,False,True,True,False,False,False,False,False,True
False,True,False,True,False,False,True,False,False,False,False,True,False,False,False,False,False,False,True,False,False,False,False,False,False,True,False,True,False,True,False,True,False,True,False,True,False,False,False,False,True,False,False,False,True,True,False,False,False,False,False,True
False,True,False,True,False,False,False,True,False,False,False,True,False,False,False,False,False,False,True,False,False,False,False,True,False,False,False,True,False,True,False,True,False,True,False,False,True,False,False,False,True,False,False,False,True,True,False,False,False,False,True,False
False,False,True,True,False,False,False,True,False,False,False,False,True,False,False,False,False,False,False,False,False,False,True,False,False,True,False,True,False,True,False,True,False,True,False,True,False,False,False,False,True,False,False,False,True,True,False,False,False,False,False,True
False,False,True,True,False,False,True,False,False,False,False,False,True,False,False,False,False,False,True,False,False,False,False,False,False,True,False,True,False,True,False,False,True,True,False,True,False,False,False,False,True,False,False,False,True,True,False,False,False,False,False,True
False,True,False,True,False,False,True,False,False,False,False,True,False,False,False,False,False,True,False,False,False,False,False,False,False,True,False,True,False,True,False,False,True,False,True,True,False,False,False,False,True,False,False,False,True,True,False,False,False,False,True,False
False,True,False,True,False,False,True,False,False,False,False,True,False,False,False,False,False,False,True,False,False,False,False,True,False,False,False,True,False,True,False,True,False,False,True,False,True,False,False,False,True,False,False,False,True,True,False,False,False,False,True,False
False,False,True,True,False,False,False,True,False,False,False,False,True,False,False,False,False,False,False,False,True,False,False,False,False,True,False,True,False,True,False,True,False,True,False,False,True,False,False,True,False,False,False,False,True,True,False,False,False,False,False,True
False,True,False,True,False,False,True,False,False,False,False,True,False,False,False,False,False,True,False,False,False,False,False,False,False,True,False,True,False,True,False,True,False,True,False,True,False,False,False,False,True,False,False,False,True,True,False,False,False,False,True,False
False,False,True,True,False,False,True,False,False,False,False,False,True,False,False,False,False,False,False,False,True,False,False,False,False,True,False,True,False,True,False,True,False,False,True,False,True,False,False,False,True,False,False,True,False,True,False,False,False,False,True,False
False,False,True,True,False,False,False,False,True,False,False,False,False,False,False,True,False,False,False,False,False,False,True,False,False,True,False,True,False,True,False,True,False,True,False,False,True,False,False,False,True,False,False,True,False,True,False,False,False,False,False,True
False,True,False,True,False,False,True,False,False,False,False,False,True,False,False,False,False,True,False,False,False,False,False,False,False,True,False,True,False,True,False,True,False,False,True,True,False,False,False,False,True,False,False,False,True,True,False,False,False,False,True,False
False,False,True,True,False,False,False,False,False,True,False,False,False,False,False,True,False,False,False,True,False,False,False,False,False,True,False,False,True,False,True,False,True,False,True,True,False,False,True,False,False,False,True,False,False,True,False,False,False,False,True,False
True,False,False,True,False,False,False,False,True,False,False,False,False,True,False,False,False,False,False,False,True,False,False,False,False,True,False,False,True,True,False,True,False,True,False,True,False,False,False,False,True,False,False,False,True,False,False,False,True,False,False,True
False,False,True,True,False,False,False,False,True,False,False,False,True,False,False,False,False,False,False,True,False,False,False,False,False,True,False,True,False,True,False,True,False,False,True,True,False,False,False,False,True,False,False,False,True,True,False,False,False,False,True,False
False,True,False,True,False,False,False,True,False,False,False,True,False,False,False,False,False,False,False,False,True,False,False,False,False,True,False,True,False,True,False,True,False,True,False,False,True,False,False,False,True,False,False,False,True,True,False,False,False,False,False,True
True,False,False,True,False,False,False,True,False,False,False,False,False,True,False,False,False,False,False,False,True,False,False,False,False,True,False,True,False,True,False,True,False,True,False,False,True,False,False,True,False,False,False,False,True,False,True,False,False,False,False,True
False,True,False,True,False,False,True,False,False,False,False,True,False,False,False,False,False,False,False,True,False,False,False,False,False,True,False,False,True,True,False,True,False,True,False,True,False,False,False,False,True,False,False,False,True,False,False,False,True,False,False,True
False,True,False,True,False,False,False,True,False,False,False,False,False,True,False,False,False,False,True,False,False,False,False,False,False,True,False,True,False,True,False,True,False,False,True,True,False,False,False,False,True,False,False,False,True,True,False,False,False,False,False,True
False,True,False,True,False,False,False,False,True,False,False,False,False,True,False,False,False,False,True,False,False,False,False,True,False,False,False,True,False,True,False,True,False,True,False,True,False,False,False,False,True,False,True,False,False,True,False,False,False,False,True,False
False,True,False,True,False,False,False,True,False,False,False,False,True,False,False,False,False,False,False,False,False,True,False,False,False,True,False,True,False,True,False,True,False,False,True,False,True,False,False,True,False,False,False,False,True,False,True,False,False,False,False,True
False,True,False,True,False,False,False,False,True,False,False,False,False,True,False,False,False,True,False,False,False,False,False,False,False,True,False,False,True,True,False,False,True,False,True,True,False,False,False,False,True,False,False,False,True,True,False,False,False,False,False,True
True,False,False,True,False,False,True,False,False,False,False,True,False,False,False,False,False,True,False,False,False,False,False,False,False,True,False,True,False,True,False,True,False,True,False,False,True,False,False,False,True,False,False,False,True,True,False,False,False,False,True,False
False,False,True,True,False,False,False,True,False,False,False,False,True,False,False,False,False,True,False,False,False,False,False,False,False,True,False,True,False,True,False,True,False,True,False,False,True,False,False,True,False,False,False,False,True,False,False,False,True,False,False,True
False,True,False,True,False,False,False,False,True,False,False,True,False,False,False,False,False,False,True,False,False,False,False,False,False,True,False,True,False,True,False,False,True,False,True,True,False,False,False,True,False,False,False,False,True,True,False,False,False,False,False,True
False,False,True,True,False,False,False,False,False,True,False,False,False,True,False,False,False,False,False,False,False,True,False,False,False,False,True,False,True,True,False,False,True,False,True,True,False,False,True,False,False,False,False,True,False,False,False,False,True,False,False,True
False,True,False,True,False,False,True,False,False,False,False,False,True,False,False,False,False,False,True,False,False,False,False,False,True,False,False,True,False,True,False,True,False,False,True,True,False,False,False,False,True,False,False,False,True,True,False,False,False,False,False,True
False,False,True,True,False,False,True,False,False,False,False,True,False,False,False,False,False,False,False,False,True,False,False,False,True,False,False,True,False,True,False,True,False,False,True,False,True,False,False,True,False,False,False,False,True,False,False,True,False,False,True,False
False,True,False,True,False,False,False,False,True,False,False,False,False,False,True,False,False,False,False,False,True,False,False,False,False,True,False,False,True,True,False,True,False,False,True,True,False,False,False,True,False,False,False,False,True,False,False,False,True,False,False,True
False,True,False,True,False,False,True,False,False,False,False,True,False,False,False,False,False,True,False,False,False,False,False,False,False,True,False,False,True,True,False,True,False,False,True,True,False,False,False,False,True,False,False,False,True,True,False,False,False,False,False,True
False,False,True,True,False,False,False,False,True,False,False,False,False,True,False,False,False,False,False,False,False,False,True,False,False,True,False,True,False,True,False,True,False,True,False,True,False,False,False,True,False,False,False,False,True,True,False,False,False,False,True,False
False,True,False,True,False,True,False,False,False,False,False,False,True,False,False,False,False,True,False,False,False,False,False,False,False,True,False,True,False,True,False,True,False,True,False,False,True,False,False,True,False,False,False,False,True,True,False,False,False,False,True,False
False,True,False,True,False,False,True,False,False,False,False,False,True,False,False,False,False,False,True,False,False,False,False,False,False,True,False,False,True,True,False,True,False,True,False,True,False,False,False,True,False,False,False,False,True,True,False,False,False,False,False,True
False,False,True,True,False,False,False,True,False,False,False,False,False,True,False,False,False,False,False,True,False,False,False,False,False,False,True,True,False,True,False,True,False,True,False,False,True,False,True,False,False,False,False,False,True,True,False,False,False,False,False,True
False,False,True,True,False,False,False,False,False,True,False,False,True,False,False,False,False,False,False,False,True,False,False,False,False,True,False,True,False,True,False,False,True,False,True,True,False,False,False,True,False,False,False,False,True,True,False,False,False,False,False,True
True,False,False,True,False,False,True,False,False,False,False,False,True,False,False,False,False,False,True,False,False,False,False,True,False,False,False,True,False,True,False,True,False,False,True,False,True,False,False,False,True,False,False,False,True,False,False,True,False,False,True,False
True,False,False,True,False,False,True,False,False,False,False,False,True,False,False,False,False,False,True,False,False,False,False,False,False,True,False,False,True,True,False,True,False,False,True,True,False,False,False,True,False,False,False,False,True,False,False,False,True,False,False,True
True,False,False,True,False,False,True,False,False,False,False,False,True,False,False,False,False,False,True,False,False,False,False,False,False,True,False,True,False,True,False,True,False,True,False,True,False,False,False,False,True,False,False,False,True,False,True,False,False,False,False,True
False,True,False,True,False,False,False,False,True,False,False,False,False,True,False,False,False,False,False,False,False,False,True,False,False,True,False,False,True,True,False,False,True,True,False,True,False,False,False,True,False,False,False,False,True,False,False,False,True,False,True,False
False,True,False,True,False,False,True,False,False,False,False,False,True,False,False,False,False,False,True,False,False,False,False,False,False,True,False,True,False,True,False,False,True,False,True,True,False,False,False,True,False,False,False,False,True,True,False,False,False,False,False,True
False,True,False,True,False,False,False,True,False,False,False,False,False,True,False,False,False,False,False,False,True,False,False,False,False,True,False,True,False,False,True,True,False,False,True,True,False,False,True,False,False,False,False,False,True,True,False,False,False,False,False,True
True,False,False,True,False,False,False,True,False,False,False,True,False,False,False,False,False,False,False,True,False,False,False,False,False,False,True,True,False,True,False,True,False,True,False,False,True,False,False,True,False,False,False,False,True,True,False,False,False,False,False,True
False,True,False,True,False,False,True,False,False,False,False,True,False,False,False,False,False,False,False,True,False,False,False,False,True,False,False,True,False,True,False,True,False,False,True,False,True,False,False,True,False,False,False,False,True,True,False,False,False,False,True,False
True,False,False,True,False,False,True,False,False,False,False,False,True,False,False,False,False,False,False,False,True,False,False,False,False,True,False,True,False,True,False,True,False,False,True,True,False,False,False,False,True,False,False,False,True,True,False,False,False,False,False,True
False,True,False,True,False,False,True,False,False,False,False,True,False,False,False,False,False,False,True,False,False,False,False,False,True,False,False,True,False,True,False,True,False,True,False,False,True,False,False,False,True,False,False,False,True,True,False,False,False,False,False,True
False,False,True,True,False,False,False,True,False,False,False,False,True,False,False,False,False,False,False,False,False,True,False,False,False,True,False,False,True,True,False,True,False,True,False,False,True,False,False,True,False,False,False,False,True,True,False,False,False,False,False,True
False,True,False,True,False,False,False,True,False,False,False,True,False,False,False,False,False,False,False,True,False,False,False,False,False,True,False,True,False,True,False,True,False,True,False,False,True,False,True,False,False,False,True,False,False,True,False,False,False,False,True,False
False,False,True,True,False,False,False,True,False,False,False,False,False,True,False,False,False,False,True,False,False,False,False,False,False,True,False,False,True,True,False,True,False,False,True,True,False,False,False,True,False,False,False,True,False,True,False,False,False,False,False,True
False,False,True,True,False,False,False,False,True,False,False,True,False,False,False,False,False,False,False,False,True,False,False,False,False,True,False,True,False,True,False,True,False,True,False,True,False,False,False,True,False,False,False,False,True,True,False,False,False,False,False,True
False,False,True,True,False,False,True,False,False,False,False,False,True,False,False,False,False,True,False,False,False,False,False,False,True,False,False,True,False,True,False,True,False,True,False,True,False,False,False,False,True,False,False,False,True,True,False,False,False,False,False,True
False,True,False,True,False,False,False,True,False,False,False,False,False,True,False,False,False,False,False,True,False,False,False,False,False,True,False,True,False,True,False,True,False,True,False,True,False,False,False,False,True,False,False,False,True,False,False,False,True,False,False,True
False,True,False,True,False,False,False,False,True,False,False,False,False,True,False,False,False,False,False,False,True,False,False,False,False,True,False,True,False,True,False,False,True,False,True,False,True,False,False,True,False,False,False,False,True,True,False,False,False,False,True,False
True,False,False,True,False,False,True,False,False,False,False,True,False,False,False,False,False,False,False,True,False,False,False,False,False,True,False,True,False,True,False,True,False,True,False,False,True,False,False,False,True,False,False,False,True,True,False,False,False,False,True,False
False,False,True,True,False,False,False,True,False,False,False,False,True,False,False,False,False,False,False,False,False,False,True,True,False,False,False,True,False,True,False,False,True,False,True,True,False,False,False,True,False,False,False,False,True,False,True,False,False,False,True,False
True,False,False,True,False,True,False,False,False,False,False,True,False,False,False,False,False,False,True,False,False,False,False,True,False,False,False,True,False,True,False,True,False,False,True,True,False,False,False,False,True,False,False,False,True,True,False,False,False,False,True,False
True,False,False,True,False,True,False,False,False,False,False,True,False,False,False,False,False,False,True,False,False,False,False,False,True,False,False,True,False,True,False,True,False,False,True,True,False,False,False,True,False,False,False,False,True,True,False,False,False,False,False,True
False,True,False,True,False,True,False,False,False,False,False,False,True,False,False,False,False,False,False,False,True,False,False,True,False,False,False,True,False,True,False,True,False,False,True,True,False,False,False,True,False,False,False,False,True,True,False,False,False,False,True,False
False,True,False,True,False,True,False,False,False,False,False,False,True,False,False,False,False,False,False,False,True,False,False,False,False,True,False,False,True,True,False,True,False,False,True,True,False,False,False,False,True,False,False,False,True,True,False,False,False,False,False,True
False,False,True,True,False,False,False,True,False,False,False,True,False,False,False,False,False,False,False,False,False,True,False,False,False,True,False,True,False,True,False,True,False,False,True,True,False,False,False,True,False,False,False,False,True,True,False,False,False,False,False,True
True,False,False,True,False,False,True,False,False,False,False,True,False,False,False,False,False,False,True,False,False,False,False,False,False,True,False,True,False,True,False,True,False,True,False,False,True,False,False,False,True,False,False,False,True,True,False,False,False,False,False,True
False,True,False,True,False,False,False,True,False,False,False,False,True,False,False,False,False,False,True,False,False,False,False,False,False,True,False,True,False,True,False,True,False,True,False,False,True,False,False,True,False,False,False,False,True,True,False,False,False,False,False,True
False,True,False,True,False,False,False,True,False,False,False,False,False,False,True,False,False,False,True,False,False,False,False,False,False,True,False,False,True,True,False,True,False,False,True,False,True,False,False,True,False,False,False,False,True,True,False,False,False,False,True,False
False,True,False,True,False,False,False,True,False,False,False,False,True,False,False,False,False,False,True,False,False,False,False,False,False,True,False,True,False,True,False,True,False,True,False,False,True,False,False,True,False,False,False,False,True,True,False,False,False,False,False,True
False,True,False,True,False,False,True,False,False,False,False,True,False,False,False,False,False,False,False,False,True,False,False,False,False,True,False,True,False,True,False,True,False,False,True,True,False,False,False,True,False,False,False,False,True,False,True,False,False,False,True,False
False,False,True,True,False,False,True,False,False,False,False,False,False,True,False,False,False,True,False,False,False,False,False,False,False,True,False,True,False,True,False,True,False,True,False,False,True,False,True,False,False,False,False,True,False,True,False,False,False,False,False,True
False,False,True,True,False,False,True,False,False,False,False,True,False,False,False,False,False,True,False,False,False,False,False,True,False,False,False,True,False,True,False,True,False,False,True,True,False,False,False,True,False,False,False,False,True,True,False,False,False,False,True,False
True,False,False,True,False,False,False,True,False,False,False,False,False,True,False,False,False,False,False,False,True,False,False,False,False,True,False,True,False,True,False,True,False,True,False,False,True,False,False,False,True,False,False,False,True,True,False,False,False,False,True,False
False,False,True,True,False,False,True,False,False,False,False,True,False,False,False,False,False,False,True,False,False,False,False,False,False,True,False,True,False,True,False,True,False,False,True,True,False,False,False,False,True,False,False,False,True,True,False,False,False,False,True,False
False,False,True,True,False,False,False,True,False,False,False,True,False,False,False,False,False,True,False,False,False,False,False,False,False,True,False,True,False,False,True,True,False,False,True,True,False,False,False,False,True,False,False,False,True,True,False,False,False,False,True,False
False,True,False,True,False,False,False,False,True,False,False,False,False,True,False,False,False,False,False,False,False,False,True,False,False,True,False,True,False,True,False,True,False,True,False,False,True,False,False,False,True,False,False,False,True,True,False,False,False,False,False,True
False,True,False,True,False,False,True,False,False,False,False,False,True,False,False,False,False,False,True,False,False,False,False,False,False,True,False,True,False,True,False,True,False,False,True,False,True,False,False,False,True,False,False,False,True,True,False,False,False,False,False,True
False,True,False,True,False,False,False,True,False,False,False,True,False,False,False,False,False,False,False,True,False,False,False,False,False,True,False,True,False,True,False,True,False,False,True,True,False,False,False,False,True,False,False,False,True,True,False,False,False,False,True,False
False,False,True,True,False,False,False,True,False,False,False,True,False,False,False,False,False,False,False,False,False,True,False,False,False,False,True,False,True,True,False,False,True,True,False,True,False,False,True,False,False,False,False,False,True,False,True,False,False,False,False,True
True,False,False,True,False,True,False,False,False,False,False,True,False,False,False,False,False,True,False,False,False,False,False,False,False,True,False,True,False,True,False,True,False,True,False,False,True,False,False,True,False,False,False,False,True,True,False,False,False,False,False,True
True,False,False,True,False,False,True,False,False,False,False,False,True,False,False,False,False,False,True,False,False,False,False,False,False,True,False,True,False,True,False,True,False,True,False,False,True,False,False,False,True,False,False,False,True,True,False,False,False,False,False,True
True,False,False,True,False,False,False,False,False,True,False,False,False,True,False,False,False,False,False,False,False,True,False,False,False,True,False,True,False,True,False,False,True,True,False,True,False,False,False,True,False,False,False,True,False,True,False,False,False,False,True,False
False,False,True,True,False,False,False,True,False,False,False,False,False,True,False,False,False,True,False,False,False,False,False,False,False,True,False,False,True,True,False,True,False,False,True,True,False,False,False,False,True,False,False,False,True,True,False,False,False,False,False,True
False,True,False,True,False,False,True,False,False,False,False,False,True,False,False,False,False,False,True,False,False,False,False,False,False,True,False,True,False,True,False,True,False,True,False,False,True,False,False,True,False,False,False,False,True,True,False,False,False,False,False,True
False,True,False,True,False,False,False,True,False,False,False,False,True,False,False,False,False,False,False,False,True,False,False,False,False,True,False,True,False,True,False,True,False,True,False,True,False,False,False,False,True,False,False,False,True,False,True,False,False,False,True,False
False,False,True,True,False,False,False,True,False,False,False,False,True,False,False,False,False,False,True,False,False,False,False,False,False,True,False,False,True,True,False,True,False,True,False,True,False,False,False,False,True,False,False,False,True,True,False,False,False,False,False,True
False,True,False,True,False,False,True,False,False,False,False,False,True,False,False,False,False,False,True,False,False,False,False,False,False,True,False,False,True,True,False,True,False,False,True,True,False,False,False,False,True,False,False,False,True,True,False,False,False,False,True,False
False,False,True,True,False,False,True,False,False,False,False,False,False,True,False,False,False,False,False,True,False,False,False,False,True,False,False,True,False,True,False,True,False,False,True,True,False,False,False,False,True,False,False,False,True,True,False,False,False,False,False,True
True,False,False,True,False,False,False,True,False,False,False,False,False,True,False,False,False,False,False,True,False,False,False,False,False,True,False,True,False,True,False,True,False,True,False,False,True,False,False,False,True,False,False,False,True,True,False,False,False,False,False,True
False,False,True,True,False,False,False,False,True,False,False,False,True,False,False,False,False,False,False,False,False,False,True,False,False,True,False,True,False,True,False,False,True,True,False,True,False,False,False,True,False,False,True,False,False,True,False,False,False,False,True,False
False,True,False,True,False,False,True,False,False,False,False,True,False,False,False,False,False,False,False,True,False,False,False,False,False,True,False,True,False,False,True,False,True,True,False,True,False,False,False,True,False,False,False,False,True,False,True,False,False,False,False,True
False,True,False,True,False,False,False,True,False,False,False,False,False,True,False,False,False,False,False,True,False,False,False,False,False,True,False,False,True,True,False,True,False,False,True,True,False,False,False,True,False,False,False,False,True,True,False,False,False,False,False,True
True,False,False,True,False,True,False,False,False,False,False,False,True,False,False,False,False,False,False,True,False,False,False,False,True,False,False,False,True,True,False,True,False,True,False,True,False,False,False,False,True,False,False,False,True,False,False,False,True,False,False,True
False,False,True,True,False,False,False,True,False,False,False,False,False,False,True,False,False,False,False,False,True,False,False,False,False,True,False,False,True,True,False,True,False,True,False,False,True,False,False,False,True,False,False,False,True,False,False,False,False,True,True,False
False,True,False,True,False,False,False,True,False,False,False,False,True,False,False,False,False,False,False,False,True,False,False,False,False,True,False,True,False,True,False,True,False,True,False,False,True,False,False,False,True,False,False,False,True,True,False,False,False,False,False,True
False,False,True,True,False,False,False,True,False,False,False,False,True,False,False,False,False,False,False,False,False,False,True,False,False,True,False,True,False,True,False,True,False,True,False,False,True,False,False,True,False,False,False,False,True,True,False,False,False,False,False,True
False,False,True,True,False,False,True,False,False,False,False,True,False,False,False,False,False,False,True,False,False,False,False,False,True,False,False,True,False,True,False,True,False,True,False,False,True,False,False,True,False,False,False,False,True,True,False,False,False,False,True,False
False,True,False,True,False,False,False,False,False,True,False,False,False,True,False,False,False,False,False,False,False,False,True,False,False,True,False,True,False,True,False,False,True,False,True,True,False,False,False,True,False,False,False,False,True,True,False,False,False,False,False,True
False,True,False,True,False,False,True,False,False,False,False,False,False,True,False,False,False,False,True,False,False,False,False,False,False,True,False,False,True,True,False,True,False,True,False,True,False,False,False,True,False,False,False,False,True,True,False,False,False,False,False,True
False,False,True,True,False,False,False,False,False,True,False,False,False,True,False,False,False,False,False,False,True,False,False,False,False,True,False,False,True,True,False,False,True,True,False,True,False,False,True,False,False,False,False,False,True,True,False,False,False,False,True,False
False,True,False,True,False,False,True,False,False,False,False,False,True,False,False,False,False,False,False,True,False,False,False,True,False,False,False,True,False,True,False,True,False,True,False,True,False,False,False,True,False,False,False,False,True,True,False,False,False,False,False,True
False,True,False,True,False,False,False,False,True,False,True,False,False,False,False,False,False,False,False,False,False,True,False,False,False,True,False,True,False,True,False,True,False,False,True,True,False,False,False,False,True,False,False,False,True,False,False,False,True,False,False,True
False,True,False,True,False,False,True,False,False,False,False,True,False,False,False,False,False,True,False,False,False,False,False,False,False,True,False,True,False,True,False,True,False,False,True,True,False,False,False,False,True,False,False,False,True,True,False,False,False,False,False,True
False,False,True,True,False,False,True,False,False,False,False,False,True,False,False,False,False,False,True,False,False,False,False,False,False,True,False,True,False,True,False,True,False,False,True,False,True,False,False,True,False,False,False,False,True,True,False,False,False,False,True,False
False,True,False,True,False,False,True,False,False,False,False,False,True,False,False,False,False,False,True,False,False,False,False,False,False,True,False,True,False,True,False,True,False,True,False,False,True,False,False,False,True,False,False,False,True,False,True,False,False,False,True,False
False,True,False,True,False,False,False,False,True,False,False,False,True,False,False,False,False,False,False,False,False,False,True,True,False,False,False,True,False,True,False,False,True,False,True,True,False,False,False,False,True,False,False,False,True,True,False,False,False,False,False,True
False,False,True,True,False,False,False,False,True,False,False,False,False,True,False,False,False,False,False,False,True,False,False,False,False,True,False,True,False,True,False,True,False,True,False,True,False,False,False,False,True,False,False,False,True,False,False,True,False,False,True,False
False,True,False,True,False,False,False,True,False,False,True,False,False,False,False,False,False,False,True,False,False,False,False,False,False,True,False,True,False,True,False,True,False,False,True,True,False,False,False,True,False,False,False,True,False,False,False,False,True,False,False,True
True,False,False,True,False,False,False,True,False,False,False,False,True,False,False,False,False,False,False,False,True,False,False,False,True,False,False,True,False,True,False,True,False,True,False,False,True,False,False,True,False,False,False,False,True,True,False,False,False,False,True,False
True,False,False,True,False,False,True,False,False,False,False,True,False,False,False,False,False,False,False,False,True,False,False,False,False,True,False,False,True,True,False,True,False,True,False,True,False,False,True,False,False,False,False,False,True,False,True,False,False,False,True,False
False,False,True,True,False,False,False,True,False,False,False,False,False,False,True,False,False,False,False,False,True,False,False,False,False,True,False,False,True,True,False,False,True,False,True,True,False,False,True,False,False,False,False,False,True,True,False,False,False,False,False,True
False,False,True,True,False,True,False,False,False,False,False,True,False,False,False,False,False,False,True,False,False,False,False,True,False,False,False,False,True,True,False,True,False,False,True,True,False,False,False,False,True,False,False,False,True,True,False,False,False,False,True,False
False,True,False,True,False,False,False,True,False,False,False,False,True,False,False,False,False,False,True,False,False,False,False,False,False,True,False,True,False,True,False,True,False,False,True,True,False,False,False,False,True,False,False,False,True,True,False,False,False,False,False,True
False,True,False,True,False,False,False,True,False,False,False,True,False,False,False,False,False,True,False,False,False,False,False,False,False,True,False,True,False,True,False,True,False,True,False,False,True,False,False,False,True,False,False,False,True,True,False,False,False,False,False,True
False,False,True,True,False,False,False,False,True,False,False,False,False,True,False,False,False,False,False,False,False,True,False,False,False,True,False,True,False,False,True,True,False,False,True,True,False,False,True,False,False,False,False,False,True,True,False,False,False,False,False,True
False,True,False,True,False,False,False,False,True,False,False,False,False,True,False,False,False,False,False,True,False,False,False,False,False,True,False,True,False,True,False,False,True,True,False,False,True,False,False,True,False,False,False,False,True,True,False,False,False,False,False,True
True,False,False,True,False,False,False,False,True,False,False,False,False,True,False,False,False,False,False,False,False,True,False,False,False,True,False,True,False,True,False,False,True,False,True,True,False,False,False,False,True,False,False,False,True,True,False,False,False,False,True,False
False,True,False,True,False,False,False,False,True,False,False,False,True,False,False,False,False,False,False,False,False,False,True,False,False,False,True,True,False,True,False,True,False,True,False,False,True,False,False,False,True,False,False,False,True,False,True,False,False,False,True,False
False,True,False,True,False,False,True,False,False,False,False,True,False,False,False,False,False,False,True,False,False,False,False,False,False,True,False,True,False,True,False,True,False,False,True,False,True,False,False,True,False,False,False,False,True,True,False,False,False,False,False,True
True,False,False,True,False,False,False,True,False,False,False,False,True,False,False,False,False,False,False,True,False,False,False,False,True,False,False,True,False,True,False,True,False,True,False,False,True,False,False,False,True,False,False,False,True,False,True,False,False,False,False,True
False,False,True,True,False,False,False,True,False,False,False,True,False,False,False,False,False,False,False,True,False,False,False,False,False,True,False,True,False,True,False,True,False,True,False,False,True,False,False,True,False,False,False,False,True,False,True,False,False,False,False,True
False,True,False,True,False,False,True,False,False,False,False,False,True,False,False,False,False,False,False,False,True,False,False,False,True,False,False,False,True,False,True,False,True,True,False,True,False,False,False,True,False,False,False,False,True,True,False,False,False,False,True,False
True,False,False,True,False,False,False,True,False,False,False,False,False,False,True,False,False,False,False,True,False,False,False,True,False,False,False,True,False,True,False,True,False,False,True,True,False,False,False,False,True,False,False,False,True,False,False,False,True,False,False,True
False,True,False,True,False,False,False,True,False,False,False,True,False,False,False,False,False,False,False,True,False,False,False,False,False,True,False,True,False,True,False,True,False,False,True,True,False,False,False,False,True,False,False,False,True,False,True,False,False,False,False,True
False,True,False,True,False,False,False,True,False,False,False,False,True,False,False,False,False,False,False,True,False,False,False,False,False,True,False,True,False,True,False,False,True,False,True,True,False,False,False,True,False,False,False,False,True,True,False,False,False,False,False,True
False,True,False,True,False,False,False,False,True,False,False,False,False,False,True,False,False,False,False,False,False,True,False,False,False,True,False,True,False,True,False,True,False,True,False,False,True,False,False,False,True,False,False,False,True,False,False,False,True,False,False,True
False,True,False,True,False,False,False,False,True,False,False,False,True,False,False,False,False,False,False,True,False,False,False,False,False,True,False,False,True,True,False,True,False,False,True,True,False,False,False,False,True,False,False,False,True,False,True,False,False,False,False,True
False,False,True,True,False,False,False,True,False,False,False,False,True,False,False,False,False,False,False,True,False,False,False,False,False,True,False,True,False,True,False,True,False,True,False,False,True,False,False,True,False,False,False,False,True,True,False,False,False,False,False,True
False,False,True,True,False,False,False,False,True,False,False,False,False,False,True,False,False,False,False,False,True,False,False,False,False,True,False,False,True,True,False,True,False,True,False,True,False,False,False,True,False,False,False,False,True,False,False,True,False,False,True,False
False,True,False,True,False,False,False,False,True,False,False,False,False,False,True,False,True,False,False,False,False,False,False,True,False,False,False,False,True,False,True,False,True,True,False,True,False,False,False,True,False,False,True,False,False,False,False,True,False,False,True,False
False,True,False,True,False,False,False,True,False,False,False,False,False,True,False,False,False,False,False,False,True,False,False,True,False,False,False,True,False,True,False,True,False,False,True,True,False,False,False,False,True,False,False,False,True,False,False,False,True,False,False,True
False,True,False,True,False,False,True,False,False,False,False,False,True,False,False,False,False,False,True,False,False,False,False,False,False,True,False,True,False,True,False,True,False,True,False,False,True,False,False,False,True,False,False,False,True,True,False,False,False,False,True,False
False,False,True,True,False,False,True,False,False,False,False,True,False,False,False,False,False,True,False,False,False,False,False,False,False,True,False,True,False,True,False,True,False,True,False,False,True,False,False,False,True,False,False,False,True,True,False,False,False,False,False,True
False,False,True,True,False,False,False,True,False,False,False,False,True,False,False,False,False,False,False,True,False,False,False,False,False,True,False,True,False,True,False,True,False,False,True,False,True,False,False,False,True,False,False,False,True,True,False,False,False,False,False,True
False,False,True,True,False,False,False,True,False,False,False,False,True,False,False,False,False,False,True,False,False,False,False,False,False,True,False,True,False,False,True,False,True,False,True,True,False,False,False,False,True,False,False,False,True,False,True,False,False,False,False,True
True,False,False,True,False,False,False,True,False,False,False,False,False,True,False,False,False,False,False,False,False,False,True,False,False,True,False,True,False,True,False,True,False,True,False,False,True,False,False,False,True,False,False,False,True,True,False,False,False,False,False,True
False,True,False,True,False,False,True,False,False,False,False,True,False,False,False,False,False,False,False,True,False,False,False,False,True,False,False,False,True,True,False,True,False,False,True,True,False,False,False,False,True,False,False,False,True,True,False,False,False,False,False,True
False,False,True,True,False,False,True,False,False,False,False,True,False,False,False,False,False,False,True,False,False,False,False,False,False,True,False,True,False,True,False,True,False,False,True,False,True,False,False,False,True,False,False,False,True,True,False,False,False,False,True,False
False,True,False,True,False,False,False,False,True,False,False,False,True,False,False,False,False,False,False,False,False,False,True,False,False,True,False,True,False,True,False,True,False,False,True,True,False,False,False,False,True,False,False,False,True,True,False,False,False,False,True,False
False,True,False,True,False,False,True,False,False,False,False,False,True,False,False,False,False,False,True,False,False,False,False,False,False,True,False,True,False,True,False,True,False,True,False,False,True,False,True,False,False,False,True,False,False,True,False,False,False,False,False,True
False,False,True,True,False,False,False,False,True,False,False,False,False,False,True,False,False,False,False,False,False,True,False,False,False,True,False,False,True,True,False,False,True,False,True,True,False,False,False,True,False,False,False,False,True,True,False,False,False,False,False,True
False,False,True,True,False,False,False,True,False,False,False,True,False,False,False,False,False,False,False,True,False,False,False,False,False,True,False,True,False,True,False,True,False,False,True,True,False,False,False,True,False,False,False,False,True,True,False,False,False,False,True,False
False,False,True,True,False,False,True,False,False,False,False,False,True,False,False,False,False,False,False,True,False,False,False,False,False,True,False,False,True,True,False,True,False,True,False,True,False,False,False,True,False,False,False,False,True,True,False,False,False,False,False,True
True,False,False,True,False,False,True,False,False,False,False,False,True,False,False,False,False,False,True,False,False,False,False,False,False,True,False,True,False,False,True,True,False,True,False,True,False,False,False,True,False,False,True,False,False,False,False,False,True,False,True,False
False,True,False,True,False,True,False,False,False,False,False,True,False,False,False,False,False,False,True,False,False,False,False,False,False,True,False,False,True,True,False,True,False,True,False,True,False,False,False,True,False,False,False,False,True,True,False,False,False,False,False,True
False,True,False,True,False,False,False,True,False,False,False,False,True,False,False,False,False,False,False,False,True,False,False,False,False,True,False,True,False,True,False,True,False,False,True,False,True,False,False,False,True,False,False,False,True,False,True,False,False,False,False,True
False,False,True,True,False,False,True,False,False,False,False,True,False,False,False,False,False,False,False,True,False,False,False,False,False,True,False,True,False,True,False,True,False,False,True,True,False,False,False,False,True,False,False,False,True,True,False,False,False,False,True,False
False,False,True,True,False,False,False,False,True,False,False,False,False,True,False,False,False,False,False,False,False,True,False,False,False,True,False,True,False,True,False,True,False,False,True,False,True,False,False,True,False,False,False,False,True,True,False,False,False,False,True,False
False,False,True,True,False,False,True,False,False,False,False,True,False,False,False,False,False,True,False,False,False,False,False,False,True,False,False,True,False,True,False,True,False,False,True,False,True,False,False,False,True,False,False,False,True,True,False,False,False,False,True,False
False,False,True,True,False,False,False,False,True,False,False,False,True,False,False,False,False,False,True,False,False,False,False,False,False,True,False,True,False,True,False,False,True,False,True,True,False,True,False,False,False,False,False,False,True,True,False,False,False,False,False,True
False,True,False,True,False,False,True,False,False,False,False,True,False,False,False,False,False,False,True,False,False,False,False,False,False,True,False,True,False,True,False,True,False,False,True,True,False,False,False,False,True,False,False,False,True,True,False,False,False,False,True,False
False,True,False,True,False,False,True,False,False,False,False,False,True,False,False,False,False,False,True,False,False,False,False,False,False,True,False,True,False,True,False,True,False,False,True,True,False,False,False,False,True,False,False,False,True,False,True,False,False,False,True,False
False,True,False,True,False,False,True,False,False,False,False,False,True,False,False,False,False,False,True,False,False,False,False,False,False,True,False,True,False,True,False,True,False,False,True,True,False,False,False,False,True,False,False,False,True,True,False,False,False,False,True,False
False,False,True,True,False,False,True,False,False,False,False,False,True,False,False,False,False,False,True,False,False,False,False,False,True,False,False,False,True,True,False,True,False,True,False,False,True,False,False,True,False,False,False,False,True,True,False,False,False,False,False,True
False,False,True,True,False,False,False,False,True,False,False,False,True,False,False,False,False,False,False,True,False,False,False,False,False,True,False,True,False,True,False,True,False,True,False,True,False,False,False,False,True,False,False,False,True,True,False,False,False,False,True,False
False,False,True,True,False,False,False,True,False,False,False,True,False,False,False,False,False,False,False,True,False,False,False,False,False,True,False,False,True,True,False,False,True,False,True,False,True,False,False,False,True,False,False,False,True,True,False,False,False,False,False,True
False,True,False,True,False,False,False,True,False,False,False,False,True,False,False,False,False,False,True,False,False,False,False,True,False,False,False,False,True,True,False,False,True,False,True,True,False,False,False,True,False,False,False,False,True,True,False,False,False,False,True,False
