Pregnancies_extremely_high,Pregnancies_extremely_low,Pregnancies_high,Pregnancies_low,Pregnancies_medium,Pregnancies_very_high,Pregnancies_very_low,Glucose_high,Glucose_low,Glucose_very_high,Glucose_very_low,BloodPressure_high,BloodPressure_low,SkinThickness_high,SkinThickness_low,SkinThickness_very_high,SkinThickness_very_low,Insulin_high,Insulin_low,Insulin_very_high,Insulin_very_low,BMI_high,BMI_low,BMI_medium,DiabetesPedigreeFunction_high,DiabetesPedigreeFunction_low,DiabetesPedigreeFunction_medium,Age_high,Age_low,Age_medium_high,Age_medium_low,Age_very_high,Age_very_low,Outcome_0,Outcome_1
False,False,False,False,False,True,False,True,False,False,False,True,False,True,False,False,False,False,False,False,True,False,False,True,False,False,True,True,False,False,False,False,False,False,True
False,False,False,False,False,False,True,False,True,False,False,True,False,False,True,False,False,False,False,False,True,False,False,True,False,True,False,False,False,False,True,False,False,True,False
False,False,False,False,False,True,False,False,False,True,False,True,False,False,False,False,True,False,False,False,True,False,False,True,False,False,True,False,False,False,True,False,False,False,True
False,False,False,False,False,False,True,False,True,False,False,True,False,False,True,False,False,False,True,False,False,False,False,True,False,True,False,False,False,False,False,False,True,True,False
False,True,False,False,False,False,False,True,False,False,False,True,False,True,False,False,False,True,False,False,False,True,False,False,True,False,False,False,False,False,True,False,False,False,True
False,False,True,False,False,False,False,True,False,False,False,True,False,False,False,False,True,False,False,False,True,False,False,True,False,True,False,False,False,False,True,False,False,True,False
False,False,False,False,True,False,False,False,True,False,False,True,False,True,False,False,False,False,True,False,False,False,False,True,False,True,False,False,True,False,False,False,False,False,True
True,False,False,False,False,False,False,True,False,False,False,False,True,False,False,False,True,False,False,False,True,True,False,False,False,True,False,False,False,False,True,False,False,True,False
False,False,False,True,False,False,False,False,False,True,False,True,False,True,False,False,False,False,False,True,False,False,False,True,False,True,False,True,False,False,False,False,False,False,True
False,False,False,False,False,True,False,True,False,False,False,True,False,False,False,False,True,False,False,False,True,False,True,False,False,True,False,True,False,False,False,False,False,False,True
False,False,True,False,False,False,False,False,True,False,False,True,False,False,False,False,True,False,False,False,True,True,False,False,False,True,False,False,False,False,True,False,False,True,False
True,False,False,False,False,False,False,False,False,True,False,True,False,False,False,False,True,False,False,False,True,True,False,False,False,False,True,False,False,True,False,False,False,False,True
True,False,False,False,False,False,False,True,False,False,False,True,False,False,False,False,True,False,False,False,True,False,False,True,True,False,False,False,False,False,False,True,False,True,False
False,False,False,False,False,False,True,False,False,True,False,True,False,False,True,False,False,False,False,True,False,False,False,True,False,True,False,False,False,False,False,True,False,False,True
False,False,True,False,False,False,False,False,False,True,False,True,False,False,True,False,False,True,False,False,False,False,False,True,False,False,True,True,False,False,False,False,False,False,True
False,False,False,False,False,True,False,False,True,False,False,False,True,False,False,False,True,False,False,False,True,False,False,True,False,False,True,False,False,False,True,False,False,False,True
False,True,False,False,False,False,False,True,False,False,False,True,False,True,False,False,False,False,False,True,False,True,False,False,False,False,True,False,False,False,True,False,False,False,True
False,False,False,False,False,True,False,False,True,False,False,True,False,False,False,False,True,False,False,False,True,False,False,True,False,True,False,False,False,False,True,False,False,False,True
False,False,False,False,False,False,True,False,True,False,False,True,False,True,False,False,False,False,True,False,False,True,False,False,False,True,False,False,False,False,True,False,False,True,False
False,False,False,False,False,False,True,True,False,False,False,True,False,False,True,False,False,False,True,False,False,True,False,False,False,False,True,False,False,False,True,False,False,False,True
False,False,False,False,True,False,False,True,False,False,False,True,False,True,False,False,False,False,False,True,False,True,False,False,False,False,True,False,False,False,True,False,False,True,False
False,False,False,False,False,True,False,False,True,False,False,True,False,False,False,False,True,False,False,False,True,True,False,False,False,True,False,True,False,False,False,False,False,True,False
False,False,False,False,False,True,False,False,False,True,False,True,False,False,False,False,True,False,False,False,True,True,False,False,False,False,True,False,False,True,False,False,False,False,True
True,False,False,False,False,False,False,True,False,False,False,True,False,True,False,False,False,False,False,False,True,False,False,True,False,True,False,False,False,False,True,False,False,False,True
True,False,False,False,False,False,False,True,False,False,False,True,False,True,False,False,False,True,False,False,False,True,False,False,False,True,False,True,False,False,False,False,False,False,True
True,False,False,False,False,False,False,True,False,False,False,True,False,False,True,False,False,True,False,False,False,False,False,True,False,True,False,False,False,True,False,False,False,False,True
False,False,False,False,False,True,False,True,False,False,False,True,False,False,False,False,True,False,False,False,True,True,False,False,False,True,False,False,False,True,False,False,False,False,True
False,False,False,False,False,False,True,False,True,False,False,True,False,False,True,False,False,True,False,False,False,False,False,True,False,False,True,False,False,False,False,False,True,True,False
True,False,False,False,False,False,False,True,False,False,False,True,False,False,True,False,False,False,True,False,False,False,False,True,False,True,False,False,False,False,False,True,False,True,False
False,False,True,False,False,False,False,True,False,False,False,True,False,False,False,False,True,False,False,False,True,False,False,True,False,True,False,False,False,True,False,False,False,True,False
False,False,True,False,False,False,False,False,True,False,False,True,False,False,True,False,False,False,False,False,True,True,False,False,False,False,True,False,False,False,False,True,False,True,False
False,False,False,False,True,False,False,False,False,True,False,True,False,True,False,False,False,False,False,True,False,False,False,True,False,False,True,False,False,False,True,False,False,False,True
False,False,False,False,True,False,False,False,True,False,False,True,False,False,True,False,False,False,False,False,True,False,False,True,False,True,False,False,False,False,False,False,True,True,False
False,False,False,False,False,True,False,False,True,False,False,True,False,False,False,False,True,False,False,False,True,False,False,True,False,True,False,False,False,False,True,False,False,True,False
True,False,False,False,False,False,False,True,False,False,False,True,False,True,False,False,False,False,False,False,True,False,False,True,False,False,True,True,False,False,False,False,False,True,False
False,False,True,False,False,False,False,False,True,False,False,True,False,True,False,False,False,False,False,True,False,False,False,True,False,False,True,False,False,False,True,False,False,True,False
True,False,False,False,False,False,False,True,False,False,False,True,False,False,False,False,True,False,False,False,True,False,False,True,False,False,True,False,False,True,False,False,False,True,False
True,False,False,False,False,False,False,False,True,False,False,True,False,True,False,False,False,False,False,False,True,False,False,True,False,False,True,True,False,False,False,False,False,False,True
False,False,False,True,False,False,False,False,True,False,False,True,False,True,False,False,False,False,False,False,True,True,False,False,False,False,True,False,False,False,True,False,False,False,True
False,False,True,False,False,False,False,False,True,False,False,True,False,True,False,False,False,False,False,True,False,True,False,False,True,False,False,False,False,False,False,True,False,False,True
False,False,False,False,True,False,False,False,False,True,False,True,False,False,True,False,False,False,True,False,False,False,False,True,False,True,False,False,True,False,False,False,False,True,False
False,False,False,False,False,True,False,True,False,False,False,True,False,False,False,False,True,False,False,False,True,True,False,False,False,False,True,False,False,True,False,False,False,True,False
False,False,False,False,False,True,False,False,True,False,False,True,False,False,True,False,False,False,False,False,True,False,False,True,False,True,False,True,False,False,False,False,False,True,False
True,False,False,False,False,False,False,False,False,True,False,True,False,False,True,False,False,False,False,True,False,True,False,False,False,False,True,True,False,False,False,False,False,False,True
False,False,False,False,False,True,False,False,False,True,False,True,False,False,False,False,True,False,False,False,True,False,False,True,False,True,False,False,False,True,False,False,False,True,False
False,True,False,False,False,False,False,False,False,True,False,True,False,True,False,False,False,False,False,False,True,True,False,False,True,False,False,False,True,False,False,False,False,False,True
False,False,False,False,False,False,True,True,False,False,False,True,False,False,False,False,True,False,False,False,True,False,False,True,False,False,True,False,False,False,True,False,False,True,False
False,False,False,True,False,False,False,False,True,False,False,True,False,False,True,False,False,False,False,False,True,False,False,True,False,False,True,False,False,False,False,False,True,True,False
False,False,False,False,False,True,False,False,True,False,False,True,False,True,False,False,False,False,False,False,True,True,False,False,False,True,False,False,False,False,True,False,False,False,True
False,False,False,False,False,True,False,False,True,False,False,False,True,False,False,False,True,False,False,False,True,False,True,False,False,True,False,False,True,False,False,False,False,True,False
False,False,False,False,False,False,True,False,True,False,False,True,False,False,True,False,False,False,True,False,False,False,False,True,False,False,True,False,False,False,False,False,True,True,False
False,False,False,False,False,False,True,False,True,False,False,True,False,False,True,False,False,False,False,False,True,False,False,True,False,False,True,False,True,False,False,False,False,True,False
False,False,True,False,False,False,False,False,True,False,False,True,False,False,True,False,False,False,False,False,True,False,False,True,False,True,False,False,False,False,True,False,False,True,False
False,False,False,False,False,True,False,False,False,True,False,True,False,True,False,False,False,False,False,True,False,False,False,True,False,False,True,False,False,False,False,True,False,False,True
False,False,False,False,False,True,False,True,False,False,False,True,False,True,False,False,False,False,False,True,False,True,False,False,False,False,True,False,False,True,False,False,False,True,False
False,False,False,False,False,False,True,False,True,False,False,True,False,False,True,False,False,False,False,False,True,False,False,True,False,True,False,False,False,False,False,False,True,True,False
False,False,False,False,False,True,False,False,False,True,False,True,False,True,False,False,False,False,False,True,False,True,False,False,False,True,False,False,False,True,False,False,False,False,True
False,True,False,False,False,False,False,False,True,False,False,True,False,True,False,False,False,False,True,False,False,True,False,False,False,False,True,False,False,False,True,False,False,True,False
False,True,False,False,False,False,False,True,False,False,False,True,False,False,False,False,True,False,False,False,True,True,False,False,True,False,False,False,False,True,False,False,False,True,False
False,True,False,False,False,False,False,False,True,False,False,True,False,True,False,False,False,True,False,False,False,True,False,False,False,True,False,False,False,False,False,False,True,True,False
False,False,False,True,False,False,False,False,True,False,False,False,True,False,False,False,True,False,False,False,True,False,True,False,False,True,False,False,False,False,False,False,True,True,False
False,False,False,False,False,True,False,True,False,False,False,True,False,False,False,False,True,False,False,False,True,False,False,True,False,True,False,False,False,True,False,False,False,False,True
False,False,True,False,False,False,False,False,True,False,False,True,False,False,False,False,True,False,False,False,True,False,False,True,False,False,True,False,False,True,False,False,False,True,False
False,False,False,True,False,False,False,True,False,False,False,True,False,True,False,False,False,True,False,False,False,False,False,True,False,False,True,False,True,False,False,False,False,True,False
False,False,False,False,False,True,False,True,False,False,False,True,False,False,False,False,True,False,False,False,True,False,False,True,False,True,False,False,False,True,False,False,False,False,True
False,False,True,False,False,False,False,False,True,False,False,True,False,False,True,False,False,False,False,False,True,False,False,True,False,True,False,False,False,False,True,False,False,True,False
False,True,False,False,False,False,False,False,True,False,False,True,False,False,True,False,False,False,False,False,True,False,False,True,False,False,True,False,False,True,False,False,False,False,True
False,False,False,True,False,False,False,False,True,False,False,True,False,False,False,False,True,False,False,False,True,True,False,False,False,False,True,True,False,False,False,False,False,True,False
False,False,False,False,False,False,True,False,True,False,False,True,False,False,True,False,False,False,False,False,True,False,False,True,False,True,False,False,True,False,False,False,False,True,False
False,False,True,False,False,False,False,True,False,False,False,True,False,False,True,False,False,False,True,False,False,False,False,True,False,True,False,False,False,False,True,False,False,True,False
False,False,False,True,False,False,False,False,True,False,False,True,False,False,True,False,False,False,True,False,False,False,False,True,False,False,True,False,False,False,True,False,False,False,True
False,False,True,False,False,False,False,True,False,False,False,True,False,True,False,False,False,True,False,False,False,False,False,True,False,True,False,False,True,False,False,False,False,True,False
True,False,False,False,False,False,False,True,False,False,False,True,False,False,False,False,True,False,False,False,True,True,False,False,False,False,True,False,False,True,False,False,False,False,True
False,False,True,False,False,False,False,True,False,False,False,True,False,False,True,False,False,False,False,True,False,True,False,False,False,True,False,False,True,False,False,False,False,True,False
False,False,False,False,False,False,True,False,True,False,False,True,False,False,True,False,False,False,False,False,True,False,False,True,False,True,False,False,False,False,False,False,True,True,False
False,False,False,False,False,False,True,False,False,False,True,True,False,False,True,False,False,False,False,False,True,False,False,True,False,True,False,False,False,False,False,False,True,True,False
False,False,False,False,False,True,False,False,True,False,False,True,False,False,False,False,True,False,False,False,True,False,False,True,False,True,False,False,False,True,False,False,False,True,False
False,False,True,False,False,False,False,False,True,False,False,True,False,True,False,False,False,False,False,False,True,True,False,False,False,True,False,False,False,False,True,False,False,True,False
False,True,False,False,False,False,False,True,False,False,False,False,True,False,False,False,True,False,False,False,True,True,False,False,False,True,False,False,True,False,False,False,False,False,True
False,False,False,True,False,False,False,False,True,False,False,True,False,False,True,False,False,False,False,False,True,False,False,True,False,True,False,False,True,False,False,False,False,True,False
False,False,False,False,True,False,False,True,False,False,False,True,False,False,True,False,False,False,False,False,True,False,False,True,False,True,False,False,False,False,False,False,True,True,False
False,False,False,True,False,False,False,False,True,False,False,False,True,False,False,False,True,False,False,False,True,False,True,False,False,True,False,False,False,False,False,False,True,True,False
False,False,False,False,False,True,False,False,True,False,False,True,False,False,True,False,False,False,True,False,False,False,False,True,False,False,True,False,False,True,False,False,False,True,False
False,True,False,False,False,False,False,False,True,False,False,True,False,False,True,False,False,False,False,False,True,False,False,True,False,True,False,False,False,False,False,False,True,True,False
False,False,True,False,False,False,False,True,False,False,False,True,False,False,False,False,True,False,False,False,True,True,False,False,False,True,False,False,False,True,False,False,False,False,True
False,False,False,True,False,False,False,False,True,False,False,True,False,False,True,False,False,True,False,False,False,False,False,True,False,False,True,False,False,False,True,False,False,True,False
True,False,False,False,False,False,False,False,True,False,False,True,False,True,False,False,False,False,False,False,True,True,False,False,False,True,False,True,False,False,False,False,False,True,False
False,False,False,True,False,False,False,False,True,False,False,True,False,False,True,False,False,False,True,False,False,True,False,False,False,True,False,False,True,False,False,False,False,True,False
True,False,False,False,False,False,False,True,False,False,False,True,False,True,False,False,False,False,True,False,False,True,False,False,False,True,False,False,False,True,False,False,False,False,True
False,False,False,False,False,False,True,False,True,False,False,True,False,False,True,False,False,False,False,False,True,False,False,True,False,True,False,False,True,False,False,False,False,True,False
False,False,False,False,False,False,True,False,True,False,False,True,False,False,False,False,True,False,False,False,True,False,False,True,False,True,False,False,False,False,False,False,True,True,False
False,False,True,False,False,False,False,True,False,False,False,True,False,False,True,False,False,True,False,False,False,False,False,True,False,False,True,False,False,True,False,False,False,True,False
False,False,False,False,False,True,False,False,True,False,False,True,False,True,False,False,False,False,False,False,True,True,False,False,False,True,False,False,False,True,False,False,False,True,False
False,False,True,False,False,False,False,True,False,False,False,True,False,False,False,False,True,False,False,False,True,False,False,True,False,True,False,False,False,False,False,True,False,False,True
False,False,False,True,False,False,False,True,False,False,False,True,False,False,True,False,False,False,True,False,False,False,False,True,False,False,True,False,False,False,False,False,True,True,False
False,False,False,False,False,True,False,True,False,False,False,True,False,False,True,False,False,False,False,True,False,False,False,True,False,True,False,False,False,True,False,False,False,True,False
False,False,False,True,False,False,False,False,True,False,False,True,False,False,True,False,False,False,False,False,True,False,False,True,False,True,False,False,True,False,False,False,False,True,False
False,False,False,False,False,False,True,False,True,False,False,True,False,False,True,False,False,False,True,False,False,False,False,True,False,True,False,False,False,False,False,False,True,True,False
False,False,False,False,False,True,False,False,True,False,False,True,False,False,True,False,False,False,True,False,False,False,False,True,False,True,False,False,True,False,False,False,False,True,False
False,False,False,False,False,False,True,True,False,False,False,True,False,True,False,False,False,False,False,True,False,True,False,False,False,True,False,False,False,False,True,False,False,False,True
False,False,False,False,False,False,True,False,False,True,False,True,False,False,False,False,True,False,False,False,True,True,False,False,True,False,False,False,False,False,True,False,False,False,True
False,False,False,False,False,False,True,True,False,False,False,True,False,False,False,False,True,False,False,False,True,False,False,True,False,True,False,False,False,False,False,False,True,True,False
False,True,False,False,False,False,False,True,False,False,False,True,False,False,False,False,True,False,False,False,True,False,False,True,False,True,False,False,False,False,False,False,True,True,False
False,False,False,False,False,False,True,False,True,False,False,True,False,False,True,False,False,False,False,False,True,False,False,True,False,True,False,False,True,False,False,False,False,True,False
False,False,False,True,False,False,False,False,True,False,False,True,False,False,False,False,True,False,False,False,True,True,False,False,False,False,True,False,False,False,True,False,False,True,False
False,False,False,False,False,False,True,True,False,False,False,True,False,False,True,False,False,True,False,False,False,False,False,True,False,False,True,False,False,False,False,False,True,True,False
False,False,False,False,False,False,True,False,True,False,False,True,False,False,False,False,True,False,False,False,True,False,False,True,False,True,False,False,False,False,True,False,False,True,False
False,False,True,False,False,False,False,True,False,False,False,True,False,False,True,False,False,True,False,False,False,False,False,True,False,True,False,False,False,True,False,False,False,True,False
False,False,False,False,True,False,False,False,True,False,False,True,False,True,False,False,False,False,False,False,True,False,False,True,False,True,False,False,True,False,False,False,False,True,False
False,True,False,False,False,False,False,False,True,False,False,True,False,False,True,False,False,False,False,False,True,True,False,False,False,True,False,False,True,False,False,False,False,False,True
False,False,False,False,True,False,False,False,False,True,False,True,False,True,False,False,False,True,False,False,False,False,False,True,False,True,False,False,True,False,False,False,False,False,True
False,False,False,False,False,True,False,False,False,True,False,True,False,False,True,False,False,False,False,True,False,False,False,True,False,False,True,True,False,False,False,False,False,False,True
False,False,False,False,False,False,True,False,True,False,False,True,False,True,False,False,False,False,False,False,True,False,False,True,False,True,False,False,True,False,False,False,False,True,False
False,False,True,False,False,False,False,False,True,False,False,True,False,False,False,False,True,False,False,False,True,False,False,True,False,True,False,False,True,False,False,False,False,True,False
False,False,False,False,False,True,False,False,False,True,False,True,False,True,False,False,False,True,False,False,False,False,False,True,False,False,True,False,False,True,False,False,False,False,True
False,False,True,False,False,False,False,True,False,False,False,True,False,False,False,False,True,False,False,False,True,False,False,True,False,False,True,False,False,False,False,True,False,False,True
False,False,True,False,False,False,False,True,False,False,False,True,False,False,False,False,True,False,False,False,True,False,False,True,False,True,False,False,False,True,False,False,False,False,True
False,False,True,False,False,False,False,False,True,False,False,True,False,False,False,False,True,False,False,False,True,False,False,True,False,False,True,False,True,False,False,False,False,True,False
False,False,True,False,False,False,False,False,True,False,False,True,False,False,True,False,False,False,False,False,True,False,False,True,False,False,True,False,False,False,False,False,True,True,False
False,False,True,False,False,False,False,False,True,False,False,True,False,False,True,False,False,False,False,False,True,False,False,True,False,True,False,False,False,False,False,False,True,True,False
False,True,False,False,False,False,False,False,False,True,False,True,False,True,False,False,False,False,True,False,False,True,False,False,False,False,True,False,True,False,False,False,False,False,True
False,False,False,False,False,True,False,False,True,False,False,True,False,True,False,False,False,False,False,False,True,False,False,True,False,True,False,False,True,False,False,False,False,True,False
False,False,False,True,False,False,False,False,True,False,False,True,False,False,True,False,False,False,True,False,False,False,False,True,False,True,False,False,True,False,False,False,False,True,False
False,False,True,False,False,False,False,True,False,False,False,True,False,False,False,False,True,False,False,False,True,False,False,True,False,True,False,False,False,False,False,True,False,True,False
False,True,False,False,False,False,False,True,False,False,False,True,False,False,False,False,True,False,False,False,True,False,False,True,False,True,False,False,True,False,False,False,False,False,True
False,False,False,False,False,False,True,False,True,False,False,True,False,True,False,False,False,False,True,False,False,True,False,False,False,False,True,False,True,False,False,False,False,False,True
False,False,False,False,True,False,False,True,False,False,False,True,False,False,True,False,False,True,False,False,False,True,False,False,False,False,True,False,False,False,True,False,False,True,False
False,False,False,False,False,False,True,True,False,False,False,True,False,True,False,False,False,False,True,False,False,False,False,True,False,True,False,False,True,False,False,False,False,True,False
False,False,False,False,False,False,True,True,False,False,False,True,False,False,True,False,False,True,False,False,False,True,False,False,False,True,False,False,False,True,False,False,False,False,True
False,True,False,False,False,False,False,False,True,False,False,True,False,False,False,False,True,False,False,False,True,False,False,True,False,False,True,False,False,False,False,True,False,False,True
False,False,True,False,False,False,False,False,False,True,False,True,False,False,True,False,False,True,False,False,False,False,False,True,False,True,False,False,False,False,True,False,False,False,True
True,False,False,False,False,False,False,True,False,False,False,True,False,False,False,False,True,False,False,False,True,False,False,True,True,False,False,False,False,False,True,False,False,False,True
False,False,False,False,True,False,False,False,False,True,False,True,False,True,False,False,False,False,False,True,False,True,False,False,False,True,False,False,False,False,True,False,False,False,True
False,False,False,False,False,True,False,False,True,False,False,True,False,True,False,False,False,False,False,False,True,True,False,False,False,False,True,False,False,True,False,False,False,True,False
False,False,False,True,False,False,False,False,True,False,False,True,False,False,True,False,False,False,False,False,True,False,False,True,False,False,True,False,True,False,False,False,False,True,False
False,False,False,True,False,False,False,True,False,False,False,True,False,False,True,False,False,True,False,False,False,False,False,True,False,True,False,False,False,False,True,False,False,True,False
False,True,False,False,False,False,False,False,True,False,False,True,False,False,True,False,False,False,False,False,True,False,False,True,False,False,True,False,False,False,False,False,True,True,False
False,True,False,False,False,False,False,False,True,False,False,True,False,False,True,False,False,False,True,False,False,False,False,True,False,False,True,False,False,False,False,False,True,True,False
False,True,False,False,False,False,False,True,False,False,False,True,False,False,False,False,True,False,False,False,True,False,False,True,False,False,True,False,False,False,True,False,False,True,False
False,False,True,False,False,False,False,False,True,False,False,True,False,False,True,False,False,False,False,True,False,True,False,False,False,True,False,False,False,False,True,False,False,True,False
False,False,False,False,True,False,False,True,False,False,False,True,False,False,False,False,True,False,False,False,True,False,False,True,False,True,False,False,False,False,False,True,False,True,False
False,False,True,False,False,False,False,False,True,False,False,True,False,False,True,False,False,False,False,False,True,True,False,False,False,True,False,False,False,True,False,False,False,True,False
False,False,False,True,False,False,False,False,True,False,False,True,False,False,True,False,False,False,False,False,True,False,False,True,False,True,False,False,False,False,False,False,True,True,False
True,False,False,False,False,False,False,False,True,False,False,True,False,False,False,False,True,False,False,False,True,False,False,True,False,True,False,False,False,True,False,False,False,False,True
False,False,True,False,False,False,False,False,False,True,False,True,False,True,False,False,False,False,False,True,False,False,False,True,False,True,False,False,True,False,False,False,False,True,False
False,True,False,False,False,False,False,False,True,False,False,True,False,False,True,False,False,False,False,False,True,False,True,False,False,False,True,False,False,False,False,False,True,True,False
True,False,False,False,False,False,False,False,True,False,False,True,False,True,False,False,False,False,False,False,True,False,False,True,False,True,False,False,False,True,False,False,False,True,False
False,False,False,True,False,False,False,False,True,False,False,True,False,True,False,False,False,True,False,False,False,False,False,True,True,False,False,False,False,True,False,False,False,True,False
False,False,True,False,False,False,False,True,False,False,False,True,False,False,False,False,True,False,False,False,True,False,False,True,False,True,False,False,False,False,False,True,False,True,False
False,False,False,True,False,False,False,False,True,False,False,True,False,False,True,False,False,False,False,False,True,False,False,True,False,True,False,False,False,False,False,False,True,True,False
False,False,False,False,False,False,True,True,False,False,False,True,False,True,False,False,False,False,False,True,False,True,False,False,False,True,False,False,True,False,False,False,False,True,False
False,False,True,False,False,False,False,True,False,False,False,True,False,False,False,False,True,False,False,False,True,False,False,True,False,False,True,False,False,True,False,False,False,True,False
True,False,False,False,False,False,False,False,False,True,False,True,False,False,True,False,False,True,False,False,False,False,False,True,True,False,False,False,False,True,False,False,False,False,True
False,False,False,False,False,False,True,False,False,True,False,True,False,True,False,False,False,False,False,True,False,True,False,False,False,False,True,False,True,False,False,False,False,True,False
False,False,False,False,False,True,False,False,False,True,False,True,False,False,False,False,True,False,False,False,True,True,False,False,False,True,False,False,False,True,False,False,False,False,True
False,False,False,False,False,True,False,False,False,True,False,True,False,True,False,False,False,False,False,False,True,True,False,False,False,True,False,False,False,True,False,False,False,False,True
False,False,False,True,False,False,False,False,True,False,False,True,False,False,True,False,False,False,True,False,False,False,False,True,False,False,True,False,False,False,False,False,True,True,False
False,False,False,False,False,False,True,False,True,False,False,True,False,False,True,False,False,True,False,False,False,False,False,True,False,False,True,False,True,False,False,False,False,True,False
False,False,False,True,False,False,False,False,True,False,False,True,False,False,True,False,False,False,False,False,True,False,False,True,False,True,False,False,False,False,False,False,True,True,False
True,False,False,False,False,False,False,False,False,True,False,True,False,True,False,False,False,False,True,False,False,True,False,False,False,False,True,True,False,False,False,False,False,False,True
False,False,True,False,False,False,False,True,False,False,False,True,False,True,False,False,False,False,False,False,True,False,False,True,False,True,False,False,False,True,False,False,False,True,False
False,False,False,False,False,True,False,False,True,False,False,True,False,True,False,False,False,False,True,False,False,True,False,False,False,True,False,True,False,False,False,False,False,True,False
False,True,False,False,False,False,False,True,False,False,False,True,False,True,False,False,False,False,False,True,False,True,False,False,False,True,False,False,False,False,True,False,False,True,False
False,False,False,True,False,False,False,False,True,False,False,True,False,False,True,False,False,False,False,False,True,False,False,True,False,True,False,False,False,False,False,False,True,True,False
False,True,False,False,False,False,False,True,False,False,False,True,False,False,False,False,True,False,False,False,True,False,False,True,False,False,True,False,False,False,True,False,False,False,True
False,False,False,False,False,True,False,False,True,False,False,True,False,False,True,False,False,True,False,False,False,False,False,True,False,False,True,False,False,True,False,False,False,False,True
False,False,False,False,True,False,False,True,False,False,False,True,False,False,True,False,False,False,False,False,True,False,False,True,False,True,False,False,False,False,False,False,True,True,False
False,False,True,False,False,False,False,True,False,False,False,True,False,False,False,False,True,False,False,False,True,False,False,True,False,False,True,False,False,True,False,False,False,True,False
False,False,True,False,False,False,False,False,True,False,False,True,False,False,False,False,True,False,False,False,True,False,False,True,False,False,True,False,False,False,True,False,False,True,False
False,False,False,False,True,False,False,False,True,False,False,True,False,False,True,False,False,False,True,False,False,False,False,True,False,False,True,False,False,False,True,False,False,True,False
False,False,False,False,False,True,False,False,True,False,False,True,False,False,False,False,True,False,False,False,True,False,False,True,False,True,False,False,False,True,False,False,False,False,True
False,False,False,False,False,True,False,True,False,False,False,True,False,False,True,False,False,True,False,False,False,True,False,False,False,False,True,False,False,False,True,False,False,False,True
False,False,False,True,False,False,False,False,True,False,False,False,True,False,True,False,False,False,False,False,True,False,False,True,False,False,True,False,True,False,False,False,False,True,False
False,False,False,False,False,False,True,False,True,False,False,True,False,True,False,False,False,False,False,False,True,True,False,False,False,False,True,False,True,False,False,False,False,True,False
False,False,False,True,False,False,False,False,True,False,False,True,False,False,True,False,False,False,False,False,True,False,False,True,False,True,False,False,False,False,True,False,False,True,False
False,False,False,False,False,True,False,False,False,True,False,True,False,True,False,False,False,True,False,False,False,False,False,True,False,False,True,False,False,True,False,False,False,False,True
False,False,False,False,False,True,False,False,True,False,False,True,False,False,False,False,True,False,False,False,True,False,False,True,False,True,False,False,False,True,False,False,False,True,False
False,True,False,False,False,False,False,True,False,False,False,True,False,True,False,False,False,True,False,False,False,True,False,False,False,True,False,False,True,False,False,False,False,False,True
False,False,True,False,False,False,False,True,False,False,False,True,False,False,False,False,True,False,False,False,True,True,False,False,False,True,False,True,False,False,False,False,False,True,False
False,False,True,False,False,False,False,True,False,False,False,True,False,False,False,False,True,False,False,False,True,True,False,False,False,False,True,False,False,True,False,False,False,False,True
False,False,False,False,False,True,False,False,True,False,False,True,False,False,False,False,True,False,False,False,True,False,False,True,False,True,False,False,False,False,True,False,False,True,False
False,True,False,False,False,False,False,True,False,False,False,True,False,False,True,False,False,False,True,False,False,True,False,False,False,False,True,False,True,False,False,False,False,True,False
False,False,False,False,False,False,True,False,False,False,True,True,False,False,True,False,False,False,False,False,True,False,False,True,False,True,False,False,False,False,False,False,True,True,False
False,False,True,False,False,False,False,False,True,False,False,True,False,False,False,False,True,False,False,False,True,False,False,True,False,True,False,False,False,False,True,False,False,True,False
False,False,True,False,False,False,False,True,False,False,False,True,False,False,False,False,True,False,False,False,True,False,False,True,False,True,False,False,False,True,False,False,False,True,False
False,False,False,False,False,True,False,False,False,True,False,True,False,False,True,False,False,False,False,False,True,True,False,False,False,False,True,False,False,True,False,False,False,False,True
False,False,False,False,False,True,False,False,False,True,False,True,False,True,False,False,False,False,False,True,False,False,False,True,False,False,True,False,False,False,False,True,False,False,True
False,False,False,False,False,False,True,True,False,False,False,True,False,True,False,False,False,False,False,False,True,False,False,True,True,False,False,False,False,False,True,False,False,False,True
False,False,False,False,False,True,False,False,True,False,False,True,False,True,False,False,False,False,True,False,False,False,False,True,False,False,True,False,False,False,True,False,False,False,True
False,False,True,False,False,False,False,True,False,False,False,True,False,True,False,False,False,True,False,False,False,False,False,True,False,True,False,False,True,False,False,False,False,False,True
False,False,False,False,True,False,False,False,True,False,False,True,False,False,False,False,True,False,False,False,True,False,False,True,False,True,False,False,False,False,False,False,True,True,False
True,False,False,False,False,False,False,True,False,False,False,True,False,True,False,False,False,False,True,False,False,False,False,True,False,True,False,False,False,True,False,False,False,True,False
False,False,False,False,False,True,False,False,False,True,False,True,False,False,False,False,True,False,False,False,True,False,False,True,False,True,False,False,False,True,False,False,False,False,True
True,False,False,False,False,False,False,True,False,False,False,False,True,False,False,False,True,False,False,False,True,True,False,False,False,False,True,False,False,True,False,False,False,False,True
False,False,False,False,False,True,False,False,True,False,False,True,False,False,True,False,False,False,False,False,True,False,False,True,False,True,False,False,False,True,False,False,False,True,False
False,False,True,False,False,False,False,False,False,True,False,True,False,True,False,False,False,False,False,True,False,True,False,False,False,True,False,False,False,False,True,False,False,False,True
False,False,False,False,False,False,True,False,True,False,False,True,False,False,False,False,True,False,False,False,True,False,False,True,False,True,False,False,False,False,False,False,True,True,False
False,False,False,False,True,False,False,False,True,False,False,True,False,False,True,False,False,False,False,False,True,False,False,True,False,False,True,False,True,False,False,False,False,False,True
False,False,True,False,False,False,False,False,True,False,False,True,False,True,False,False,False,False,True,False,False,True,False,False,False,False,True,False,True,False,False,False,False,False,True
False,False,True,False,False,False,False,True,False,False,False,True,False,False,True,False,False,False,False,True,False,False,False,True,False,True,False,False,False,False,True,False,False,False,True
False,True,False,False,False,False,False,True,False,False,False,True,False,False,True,False,False,False,False,False,True,False,False,True,False,False,True,False,False,False,False,False,True,True,False
False,False,False,False,False,False,True,True,False,False,False,True,False,False,False,False,True,False,False,False,True,True,False,False,False,True,False,False,False,False,True,False,False,True,False
False,True,False,False,False,False,False,False,True,False,False,True,False,False,True,False,False,False,False,False,True,False,False,True,False,False,True,False,False,False,True,False,False,True,False
False,False,False,True,False,False,False,False,True,False,False,True,False,False,True,False,False,False,False,False,True,False,False,True,False,True,False,False,False,False,True,False,False,True,False
False,False,False,False,False,True,False,False,True,False,False,True,False,True,False,False,False,False,False,True,False,True,False,False,False,True,False,False,False,False,False,True,False,True,False
False,False,True,False,False,False,False,False,True,False,False,True,False,False,True,False,False,False,False,False,True,False,False,True,False,True,False,False,False,False,True,False,False,True,False
False,False,False,False,False,True,False,False,False,True,False,True,False,False,True,False,False,False,False,True,False,True,False,False,False,False,True,False,False,False,False,True,False,False,True
False,False,True,False,False,False,False,False,False,True,False,True,False,False,False,False,True,False,False,False,True,True,False,False,False,True,False,True,False,False,False,False,False,False,True
False,False,False,False,False,False,True,False,True,False,False,True,False,False,True,False,False,False,True,False,False,False,False,True,False,True,False,False,False,False,False,False,True,True,False
False,False,False,False,False,True,False,False,False,True,False,True,False,True,False,False,False,False,False,False,True,True,False,False,False,True,False,False,False,True,False,False,False,False,True
False,False,False,True,False,False,False,False,True,False,False,True,False,False,True,False,False,False,False,False,True,False,False,True,False,True,False,False,True,False,False,False,False,True,False
False,True,False,False,False,False,False,True,False,False,False,True,False,True,False,False,False,False,False,False,True,True,False,False,False,True,False,False,True,False,False,False,False,True,False
False,False,False,False,False,True,False,False,False,True,False,True,False,True,False,False,False,False,False,False,True,False,False,True,False,True,False,False,False,False,False,True,False,True,False
False,True,False,False,False,False,False,True,False,False,False,True,False,False,True,False,False,True,False,False,False,True,False,False,False,False,True,False,True,False,False,False,False,False,True
True,False,False,False,False,False,False,False,True,False,False,True,False,True,False,False,False,True,False,False,False,False,False,True,False,True,False,False,False,True,False,False,False,False,True
True,False,False,False,False,False,False,True,False,False,False,True,False,True,False,False,False,False,False,True,False,True,False,False,False,False,True,False,False,True,False,False,False,False,True
False,False,True,False,False,False,False,False,True,False,False,True,False,True,False,False,False,True,False,False,False,True,False,False,False,False,True,False,True,False,False,False,False,False,True
False,False,False,False,False,True,False,True,False,False,False,True,False,False,True,False,False,True,False,False,False,False,False,True,False,False,True,False,False,False,True,False,False,True,False
False,False,True,False,False,False,False,False,True,False,False,True,False,False,True,False,False,False,False,False,True,False,False,True,True,False,False,False,False,False,True,False,False,False,True
False,False,True,False,False,False,False,False,True,False,False,True,False,False,False,False,True,False,False,False,True,True,False,False,False,True,False,False,False,True,False,False,False,False,True
False,True,False,False,False,False,False,False,False,True,False,True,False,False,True,False,False,False,False,True,False,True,False,False,True,False,False,False,False,False,False,False,True,False,True
False,False,False,True,False,False,False,False,False,True,False,True,False,False,False,False,True,False,False,False,True,False,False,True,False,False,True,False,False,False,False,True,False,False,True
False,False,False,False,False,True,False,True,False,False,False,False,True,False,False,False,True,False,False,False,True,False,False,True,False,True,False,False,False,True,False,False,False,True,False
False,False,False,False,False,True,False,True,False,False,False,True,False,True,False,False,False,False,False,True,False,False,False,True,False,False,True,False,False,False,False,True,False,True,False
False,False,False,False,False,False,True,False,True,False,False,True,False,False,True,False,False,False,False,False,True,False,False,True,False,False,True,False,True,False,False,False,False,True,False
False,False,False,False,False,False,True,False,True,False,False,True,False,False,True,False,False,False,False,False,True,True,False,False,False,True,False,False,False,False,False,False,True,True,False
False,True,False,False,False,False,False,False,True,False,False,True,False,False,False,False,True,False,False,False,True,True,False,False,False,True,False,False,True,False,False,False,False,True,False
False,False,False,False,True,False,False,False,False,True,False,True,False,True,False,False,False,False,False,False,True,True,False,False,False,False,True,False,True,False,False,False,False,False,True
False,False,True,False,False,False,False,False,False,True,False,True,False,True,False,False,False,False,False,True,False,True,False,False,True,False,False,False,False,False,True,False,False,True,False
False,True,False,False,False,False,False,True,False,False,False,True,False,True,False,False,False,False,False,False,True,True,False,False,False,True,False,False,True,False,False,False,False,True,False
False,False,True,False,False,False,False,True,False,False,False,True,False,False,False,False,True,False,False,False,True,True,False,False,False,False,True,False,False,False,False,False,True,False,True
False,False,False,False,False,True,False,True,False,False,False,True,False,True,False,False,False,False,False,True,False,True,False,False,False,True,False,True,False,False,False,False,False,False,True
False,False,False,False,False,False,True,False,True,False,False,True,False,False,True,False,False,False,False,False,True,False,False,True,False,False,True,False,False,False,False,False,True,True,False
False,False,True,False,False,False,False,True,False,False,False,True,False,False,False,False,True,False,False,False,True,True,False,False,False,True,False,False,False,False,True,False,False,True,False
False,False,False,False,True,False,False,False,True,False,False,True,False,False,True,False,False,False,False,False,True,False,False,True,False,True,False,False,True,False,False,False,False,True,False
False,False,True,False,False,False,False,False,False,True,False,True,False,False,False,False,True,False,False,False,True,True,False,False,False,False,True,False,True,False,False,False,False,False,True
False,False,False,False,False,True,False,False,False,True,False,True,False,False,True,False,False,False,False,True,False,True,False,False,False,False,True,True,False,False,False,False,False,False,True
False,True,False,False,False,False,False,False,False,True,False,True,False,False,True,False,False,False,False,False,True,True,False,False,False,False,True,False,True,False,False,False,False,False,True
True,False,False,False,False,False,False,False,False,True,False,True,False,False,True,False,False,False,False,False,True,False,False,True,False,False,True,False,False,False,True,False,False,False,True
False,True,False,False,False,False,False,False,True,False,False,True,False,False,False,False,True,False,False,False,True,False,False,True,False,False,True,False,False,False,True,False,False,True,False
False,False,False,False,False,False,True,False,True,False,False,True,False,False,True,False,False,False,False,False,True,False,False,True,False,True,False,False,False,False,False,False,True,True,False
False,False,True,False,False,False,False,False,True,False,False,True,False,True,False,False,False,False,True,False,False,False,False,True,False,False,True,False,False,False,False,False,True,True,False
False,False,False,False,True,False,False,True,False,False,False,True,False,False,False,False,True,False,False,False,True,False,False,True,False,True,False,False,False,False,False,False,True,False,True
False,False,False,False,False,True,False,True,False,False,False,True,False,False,True,False,False,True,False,False,False,False,False,True,True,False,False,False,False,False,True,False,False,False,True
False,False,False,True,False,False,False,True,False,False,False,True,False,True,False,False,False,False,False,True,False,True,False,False,False,True,False,False,False,False,True,False,False,True,False
True,False,False,False,False,False,False,False,False,True,False,True,False,False,True,False,False,False,False,False,True,False,False,True,True,False,False,True,False,False,False,False,False,False,True
True,False,False,False,False,False,False,True,False,False,False,True,False,False,False,False,True,False,False,False,True,False,False,True,False,True,False,False,False,True,False,False,False,True,False
False,True,False,False,False,False,False,False,False,True,False,True,False,True,False,False,False,False,False,True,False,True,False,False,False,False,True,False,True,False,False,False,False,True,False
True,False,False,False,False,False,False,True,False,False,False,True,False,True,False,False,False,False,False,True,False,True,False,False,False,True,False,False,False,True,False,False,False,True,False
False,False,False,False,False,False,True,False,True,False,False,True,False,False,True,False,False,False,False,False,True,False,False,True,False,True,False,False,True,False,False,False,False,True,False
True,False,False,False,False,False,False,False,True,False,False,True,False,False,False,False,True,False,False,False,True,False,False,True,False,True,False,False,False,True,False,False,False,True,False
False,False,False,True,False,False,False,True,False,False,False,True,False,False,False,False,True,False,False,False,True,False,False,True,False,True,False,False,False,False,True,False,False,True,False
False,False,False,True,False,False,False,False,True,False,False,True,False,False,True,False,False,False,False,False,True,False,False,True,False,True,False,False,True,False,False,False,False,True,False
False,True,False,False,False,False,False,False,True,False,False,True,False,True,False,False,False,False,False,False,True,True,False,False,False,True,False,False,True,False,False,False,False,True,False
True,False,False,False,False,False,False,False,True,False,False,True,False,False,True,False,False,False,False,True,False,False,False,True,False,False,True,False,False,True,False,False,False,False,True
False,False,False,False,False,False,True,True,False,False,False,True,False,True,False,False,False,False,False,False,True,False,False,True,False,False,True,False,False,False,False,False,True,False,True
False,False,False,False,True,False,False,False,True,False,False,True,False,True,False,False,False,False,False,False,True,False,False,True,False,False,True,False,False,False,True,False,False,True,False
False,False,False,True,False,False,False,True,False,False,False,True,False,False,True,False,False,False,False,False,True,False,False,True,False,True,False,False,True,False,False,False,False,True,False
False,False,False,False,False,False,True,False,False,True,False,True,False,False,True,False,False,False,False,True,False,False,False,True,False,False,True,False,True,False,False,False,False,True,False
True,False,False,False,False,False,False,False,False,True,False,True,False,False,True,False,False,True,False,False,False,False,False,True,True,False,False,True,False,False,False,False,False,False,True
False,False,False,False,True,False,False,False,False,True,False,True,False,False,True,False,False,True,False,False,False,False,False,True,False,True,False,False,False,True,False,False,False,True,False
False,False,False,False,True,False,False,True,False,False,False,False,True,False,False,False,True,False,False,False,True,False,False,True,False,False,True,False,False,False,True,False,False,False,True
False,False,True,False,False,False,False,False,True,False,False,True,False,True,False,False,False,False,False,False,True,False,False,True,False,False,True,False,True,False,False,False,False,True,False
False,False,False,False,True,False,False,True,False,False,False,True,False,False,True,False,False,False,False,False,True,False,False,True,False,True,False,False,False,False,False,True,False,True,False
False,False,True,False,False,False,False,True,False,False,False,True,False,False,False,False,True,False,False,False,True,False,False,True,False,True,False,False,False,True,False,False,False,False,True
False,False,True,False,False,False,False,False,True,False,False,True,False,False,True,False,False,False,True,False,False,False,False,True,True,False,False,False,False,True,False,False,False,True,False
False,True,False,False,False,False,False,True,False,False,False,False,True,False,False,False,True,False,False,False,True,True,False,False,False,False,True,False,True,False,False,False,False,False,True
False,False,False,True,False,False,False,True,False,False,False,True,False,True,False,False,False,False,False,False,True,True,False,False,True,False,False,False,True,False,False,False,False,True,False
False,True,False,False,False,False,False,False,True,False,False,True,False,False,False,False,True,False,False,False,True,False,False,True,False,True,False,False,False,False,False,False,True,True,False
False,False,False,True,False,False,False,True,False,False,False,False,True,False,False,False,True,False,False,False,True,False,False,True,False,True,False,False,False,False,True,False,False,False,True
True,False,False,False,False,False,False,False,True,False,False,True,False,True,False,False,False,False,False,False,True,True,False,False,True,False,False,False,False,True,False,False,False,False,True
False,False,False,True,False,False,False,False,True,False,False,True,False,True,False,False,False,False,False,False,True,False,False,True,False,True,False,False,False,False,False,False,True,True,False
False,False,False,False,True,False,False,True,False,False,False,True,False,False,False,False,True,False,False,False,True,False,False,True,False,True,False,False,False,True,False,False,False,True,False
False,False,False,False,False,False,True,False,True,False,False,True,False,True,False,False,False,False,False,False,True,False,False,True,False,False,True,False,False,False,False,False,True,True,False
True,False,False,False,False,False,False,False,True,False,False,True,False,False,False,False,True,False,False,False,True,False,False,True,False,True,False,True,False,False,False,False,False,True,False
False,False,False,True,False,False,False,False,True,False,False,True,False,True,False,False,False,False,False,False,True,True,False,False,False,False,True,False,True,False,False,False,False,True,False
False,False,False,False,False,True,False,False,True,False,False,True,False,False,True,False,False,False,False,False,True,False,False,True,False,True,False,False,False,False,True,False,False,False,True
False,True,False,False,False,False,False,False,True,False,False,True,False,False,True,False,False,True,False,False,False,False,False,True,False,False,True,False,True,False,False,False,False,True,False
False,False,True,False,False,False,False,True,False,False,False,True,False,False,False,False,True,False,False,False,True,False,False,True,False,False,True,False,False,False,False,True,False,True,False
False,False,False,True,False,False,False,False,True,False,False,True,False,False,True,False,False,False,False,True,False,False,False,True,False,False,True,False,False,False,False,False,True,True,False
False,True,False,False,False,False,False,True,False,False,False,True,False,False,False,False,True,False,False,False,True,True,False,False,False,True,False,False,False,False,True,False,False,False,True
True,False,False,False,False,False,False,True,False,False,False,True,False,False,True,False,False,True,False,False,False,True,False,False,False,True,False,False,False,True,False,False,False,True,False
False,False,False,False,False,True,False,True,False,False,False,True,False,False,True,False,False,True,False,False,False,False,False,True,False,True,False,False,False,True,False,False,False,True,False
False,False,False,False,False,True,False,False,False,True,False,True,False,False,False,False,True,False,False,False,True,False,False,True,False,True,False,True,False,False,False,False,False,False,True
False,False,False,True,False,False,False,False,True,False,False,True,False,False,False,False,True,False,False,False,True,False,False,True,False,True,False,True,False,False,False,False,False,False,True
False,False,False,False,False,True,False,True,False,False,False,True,False,False,True,False,False,True,False,False,False,False,False,True,False,False,True,True,False,False,False,False,False,True,False
False,False,True,False,False,False,False,False,False,True,False,True,False,True,False,False,False,False,False,True,False,True,False,False,False,False,True,False,False,True,False,False,False,True,False
False,False,False,False,False,False,True,True,False,False,False,True,False,True,False,False,False,False,False,True,False,True,False,False,False,False,True,False,False,False,True,False,False,False,True
False,False,True,False,False,False,False,False,True,False,False,True,False,False,True,False,False,False,False,False,True,False,False,True,False,True,False,False,True,False,False,False,False,True,False
False,False,True,False,False,False,False,False,True,False,False,True,False,True,False,False,False,False,True,False,False,True,False,False,False,True,False,False,False,False,True,False,False,True,False
False,True,False,False,False,False,False,False,True,False,False,True,False,False,True,False,False,False,False,False,True,True,False,False,False,False,True,False,False,False,False,False,True,True,False
False,True,False,False,False,False,False,False,True,False,False,True,False,False,True,False,False,False,True,False,False,True,False,False,False,False,True,False,True,False,False,False,False,False,True
False,False,False,True,False,False,False,True,False,False,False,True,False,True,False,False,False,False,False,True,False,True,False,False,True,False,False,False,False,False,True,False,False,False,True
False,False,False,False,False,False,True,True,False,False,False,True,False,True,False,False,False,False,False,True,False,True,False,False,False,False,True,False,True,False,False,False,False,False,True
False,True,False,False,False,False,False,False,False,True,False,True,False,False,False,False,True,False,False,False,True,False,False,True,False,True,False,False,False,False,False,True,False,True,False
False,False,False,False,False,True,False,True,False,False,False,True,False,True,False,False,False,True,False,False,False,True,False,False,False,False,True,False,False,False,True,False,False,True,False
False,False,False,True,False,False,False,True,False,False,False,True,False,True,False,False,False,False,False,True,False,False,False,True,False,True,False,False,False,False,True,False,False,False,True
False,True,False,False,False,False,False,True,False,False,False,True,False,False,True,False,False,False,False,True,False,False,False,True,False,False,True,False,True,False,False,False,False,True,False
True,False,False,False,False,False,False,False,True,False,False,True,False,False,True,False,False,False,False,True,False,True,False,False,False,True,False,True,False,False,False,False,False,False,True
False,False,False,False,False,True,False,False,True,False,False,True,False,False,False,False,True,False,False,False,True,False,False,True,False,False,True,False,False,False,False,True,False,True,False
False,True,False,False,False,False,False,False,False,True,False,False,True,False,False,False,True,False,False,False,True,False,False,True,False,False,True,False,False,False,True,False,False,False,True
False,False,False,True,False,False,False,True,False,False,False,True,False,True,False,False,False,True,False,False,False,False,False,True,False,False,True,False,True,False,False,False,False,False,True
False,False,True,False,False,False,False,False,True,False,False,True,False,True,False,False,False,False,False,False,True,True,False,False,False,True,False,False,False,True,False,False,False,True,False
False,False,True,False,False,False,False,True,False,False,False,True,False,False,False,False,True,False,False,False,True,True,False,False,False,True,False,False,False,False,True,False,False,False,True
False,False,False,False,True,False,False,True,False,False,False,True,False,False,False,False,True,False,False,False,True,False,False,True,False,True,False,False,False,True,False,False,False,True,False
False,False,False,True,False,False,False,True,False,False,False,True,False,True,False,False,False,False,True,False,False,True,False,False,False,True,False,False,False,False,True,False,False,True,False
True,False,False,False,False,False,False,False,False,True,False,True,False,False,True,False,False,True,False,False,False,False,False,True,False,True,False,True,False,False,False,False,False,False,True
False,True,False,False,False,False,False,True,False,False,False,True,False,False,True,False,False,True,False,False,False,False,False,True,False,True,False,False,False,False,False,False,True,True,False
False,True,False,False,False,False,False,True,False,False,False,True,False,False,True,False,False,True,False,False,False,False,False,True,True,False,False,False,True,False,False,False,False,False,True
False,False,False,True,False,False,False,True,False,False,False,True,False,False,True,False,False,False,False,True,False,False,False,True,False,False,True,False,False,False,True,False,False,False,True
False,False,False,False,False,True,False,False,True,False,False,True,False,False,True,False,False,False,False,False,True,False,False,True,False,True,False,False,False,True,False,False,False,True,False
False,True,False,False,False,False,False,False,True,False,False,True,False,True,False,False,False,True,False,False,False,True,False,False,False,False,True,False,False,False,False,False,True,True,False
False,False,False,True,False,False,False,False,False,True,False,True,False,False,True,False,False,False,True,False,False,False,False,True,False,False,True,False,False,False,True,False,False,False,True
False,False,False,False,True,False,False,True,False,False,False,True,False,False,True,False,False,False,True,False,False,False,False,True,False,False,True,False,True,False,False,False,False,True,False
False,False,False,False,False,True,False,False,True,False,False,True,False,True,False,False,False,False,False,False,True,True,False,False,True,False,False,False,False,True,False,False,False,False,True
False,False,False,True,False,False,False,False,True,False,False,True,False,False,True,False,False,False,True,False,False,False,False,True,False,True,False,False,True,False,False,False,False,True,False
False,False,False,False,True,False,False,False,True,False,False,True,False,False,True,False,False,False,True,False,False,False,False,True,False,True,False,False,False,False,True,False,False,True,False
False,False,False,False,True,False,False,False,False,True,False,True,False,False,False,False,True,False,False,False,True,False,False,True,False,True,False,False,False,False,True,False,False,False,True
False,False,False,False,True,False,False,True,False,False,False,True,False,True,False,False,False,True,False,False,False,True,False,False,False,True,False,False,False,False,True,False,False,True,False
False,False,False,False,False,True,False,False,False,True,False,True,False,False,False,False,True,False,False,False,True,False,False,True,False,True,False,False,False,False,False,True,False,False,True
False,False,True,False,False,False,False,True,False,False,False,True,False,False,True,False,False,False,False,True,False,False,False,True,False,False,True,False,False,False,True,False,False,True,False
False,False,False,False,True,False,False,False,True,False,False,True,False,False,True,False,False,False,False,False,True,False,False,True,False,True,False,False,True,False,False,False,False,False,True
False,True,False,False,False,False,False,True,False,False,False,True,False,False,True,False,False,False,False,False,True,False,False,True,False,True,False,False,False,True,False,False,False,False,True
True,False,False,False,False,False,False,False,False,True,False,True,False,True,False,False,False,False,False,False,True,False,False,True,False,False,True,False,False,True,False,False,False,False,True
False,False,False,True,False,False,False,False,True,False,False,True,False,True,False,False,False,False,False,False,True,True,False,False,False,True,False,False,False,False,False,False,True,True,False
False,False,False,False,False,False,True,False,False,True,False,True,False,False,True,False,False,True,False,False,False,False,False,True,False,True,False,False,True,False,False,False,False,True,False
False,False,False,False,False,False,True,True,False,False,False,True,False,True,False,False,False,True,False,False,False,True,False,False,False,False,True,False,False,False,True,False,False,False,True
True,False,False,False,False,False,False,False,False,True,False,True,False,False,False,False,True,False,False,False,True,True,False,False,False,True,False,False,False,True,False,False,False,True,False
False,False,False,True,False,False,False,False,True,False,False,True,False,True,False,False,False,True,False,False,False,True,False,False,False,True,False,False,True,False,False,False,False,False,True
False,False,False,False,False,True,False,False,True,False,False,True,False,True,False,False,False,False,True,False,False,False,False,True,False,True,False,False,False,True,False,False,False,True,False
False,False,False,False,False,True,False,True,False,False,False,True,False,False,True,False,False,False,False,False,True,False,False,True,True,False,False,True,False,False,False,False,False,True,False
False,False,False,True,False,False,False,False,True,False,False,True,False,False,True,False,False,False,False,False,True,False,False,True,False,True,False,False,True,False,False,False,False,True,False
False,False,False,False,False,False,True,False,False,True,False,False,True,False,False,False,True,False,False,False,True,True,False,False,False,True,False,False,False,True,False,False,False,False,True
True,False,False,False,False,False,False,False,True,False,False,True,False,False,False,False,True,False,False,False,True,False,False,True,False,True,False,False,False,True,False,False,False,True,False
False,False,False,False,False,False,True,False,True,False,False,True,False,False,True,False,False,False,False,False,True,False,False,True,False,True,False,False,False,False,False,False,True,True,False
False,True,False,False,False,False,False,False,False,True,False,True,False,True,False,False,False,False,False,True,False,True,False,False,False,True,False,False,True,False,False,False,False,True,False
False,True,False,False,False,False,False,True,False,False,False,False,True,False,False,False,True,False,False,False,True,False,False,True,False,False,True,False,False,True,False,False,False,True,False
False,False,True,False,False,False,False,True,False,False,False,True,False,False,False,False,True,False,False,False,True,False,False,True,False,True,False,False,False,True,False,False,False,False,True
True,False,False,False,False,False,False,False,False,True,False,True,False,True,False,False,False,True,False,False,False,False,False,True,False,False,True,False,False,False,True,False,False,False,True
False,False,False,False,False,True,False,False,False,True,False,True,False,False,False,False,True,False,False,False,True,True,False,False,False,True,False,False,False,True,False,False,False,False,True
False,False,False,False,False,False,True,True,False,False,False,True,False,False,True,False,False,False,True,False,False,False,False,True,False,False,True,False,False,False,False,False,True,True,False
False,False,False,False,False,False,True,False,True,False,False,True,False,False,True,False,False,False,True,False,False,False,False,True,False,False,True,False,False,True,False,False,False,True,False
False,False,False,False,False,False,True,False,False,False,True,True,False,True,False,False,False,False,False,False,True,False,False,True,False,True,False,False,False,False,False,False,True,True,False
False,False,True,False,False,False,False,True,False,False,False,True,False,False,False,False,True,False,False,False,True,True,False,False,False,True,False,False,False,False,True,False,False,True,False
False,False,False,False,False,True,False,False,True,False,False,True,False,False,False,False,True,False,False,False,True,True,False,False,False,False,True,False,False,False,False,True,False,True,False
False,False,False,False,False,True,False,True,False,False,False,True,False,True,False,False,False,False,True,False,False,True,False,False,False,True,False,True,False,False,False,False,False,True,False
False,False,False,False,False,False,True,True,False,False,False,True,False,False,True,False,False,False,True,False,False,False,False,True,False,False,True,False,False,False,False,False,True,True,False
False,False,False,False,True,False,False,True,False,False,False,False,True,False,False,False,True,False,False,False,True,False,False,True,False,True,False,False,True,False,False,False,False,True,False
False,False,False,False,True,False,False,False,True,False,False,True,False,False,True,False,False,False,True,False,False,False,False,True,False,True,False,False,True,False,False,False,False,True,False
False,False,True,False,False,False,False,False,False,False,True,True,False,True,False,False,False,False,False,False,True,True,False,False,False,True,False,False,False,True,False,False,False,False,True
False,False,True,False,False,False,False,False,True,False,False,True,False,False,False,False,True,False,False,False,True,True,False,False,False,True,False,False,False,False,True,False,False,True,False
False,False,True,False,False,False,False,True,False,False,False,True,False,False,False,False,True,False,False,False,True,False,False,True,False,True,False,False,False,False,True,False,False,True,False
False,False,False,False,True,False,False,False,True,False,False,True,False,False,True,False,False,False,False,False,True,False,False,True,False,True,False,True,False,False,False,False,False,True,False
False,False,False,False,False,False,True,False,True,False,False,True,False,False,True,False,False,False,False,False,True,False,False,True,False,False,True,False,True,False,False,False,False,True,False
False,False,False,False,True,False,False,False,True,False,False,True,False,False,False,False,True,False,False,False,True,True,False,False,False,False,True,False,False,False,False,False,True,True,False
True,False,False,False,False,False,False,False,False,True,False,True,False,False,False,False,True,False,False,False,True,False,False,True,False,True,False,True,False,False,False,False,False,False,True
False,False,False,False,False,False,True,True,False,False,False,True,False,True,False,False,False,True,False,False,False,False,False,True,False,False,True,False,False,False,True,False,False,False,True
True,False,False,False,False,False,False,True,False,False,False,False,True,False,True,False,False,False,False,False,True,True,False,False,False,False,True,False,False,True,False,False,False,False,True
True,False,False,False,False,False,False,False,True,False,False,True,False,True,False,False,False,False,False,False,True,True,False,False,False,True,False,True,False,False,False,False,False,True,False
False,False,False,False,False,False,True,False,False,True,False,True,False,True,False,False,False,False,False,True,False,True,False,False,False,False,True,False,False,False,True,False,False,False,True
False,False,True,False,False,False,False,False,False,True,False,True,False,True,False,False,False,False,False,True,False,False,False,True,False,False,True,False,False,False,True,False,False,False,True
False,False,True,False,False,False,False,False,False,True,False,True,False,False,False,False,True,False,False,False,True,False,False,True,False,True,False,False,False,False,False,True,False,True,False
False,False,True,False,False,False,False,False,True,False,False,True,False,True,False,False,False,False,False,False,True,True,False,False,False,True,False,False,False,False,False,True,False,True,False
False,False,True,False,False,False,False,True,False,False,False,True,False,False,False,False,True,False,False,False,True,True,False,False,False,False,True,False,False,False,False,True,False,False,True
False,False,True,False,False,False,False,True,False,False,False,True,False,False,True,False,False,False,False,True,False,True,False,False,False,True,False,False,False,False,True,False,False,True,False
False,False,True,False,False,False,False,False,True,False,False,True,False,False,True,False,False,False,True,False,False,False,False,True,False,False,True,False,False,False,True,False,False,True,False
False,False,False,False,False,True,False,True,False,False,False,True,False,False,False,False,True,False,False,False,True,False,False,True,False,True,False,False,False,False,True,False,False,False,True
False,True,False,False,False,False,False,False,True,False,False,True,False,False,True,False,False,False,False,False,True,False,False,True,False,True,False,False,False,False,False,False,True,True,False
False,False,False,False,True,False,False,False,True,False,False,True,False,False,True,False,False,False,True,False,False,False,False,True,False,True,False,False,False,False,False,False,True,True,False
False,False,False,False,False,False,True,True,False,False,False,True,False,False,True,False,False,True,False,False,False,False,False,True,False,True,False,True,False,False,False,False,False,False,True
False,False,False,False,True,False,False,False,False,True,False,True,False,True,False,False,False,False,False,True,False,True,False,False,True,False,False,False,True,False,False,False,False,False,True
False,True,False,False,False,False,False,True,False,False,False,True,False,False,True,False,False,False,True,False,False,False,True,False,True,False,False,False,False,False,False,False,True,True,False
False,True,False,False,False,False,False,False,True,False,False,True,False,False,True,False,False,False,True,False,False,True,False,False,False,False,True,False,False,False,False,False,True,True,False
False,False,False,True,False,False,False,False,True,False,False,True,False,True,False,False,False,False,True,False,False,True,False,False,False,True,False,False,True,False,False,False,False,True,False
False,False,False,True,False,False,False,True,False,False,False,True,False,True,False,False,False,True,False,False,False,True,False,False,False,False,True,False,False,False,True,False,False,True,False
True,False,False,False,False,False,False,True,False,False,False,True,False,True,False,False,False,False,False,True,False,True,False,False,False,False,True,False,False,False,False,True,False,False,True
False,True,False,False,False,False,False,False,True,False,False,True,False,False,True,False,False,False,True,False,False,False,False,True,False,True,False,False,False,False,False,False,True,True,False
False,False,False,False,False,False,True,False,True,False,False,True,False,True,False,False,False,False,True,False,False,True,False,False,False,False,True,False,False,False,False,False,True,True,False
False,False,True,False,False,False,False,False,False,True,False,True,False,False,False,False,True,False,False,False,True,True,False,False,False,True,False,False,False,False,True,False,False,False,True
False,True,False,False,False,False,False,False,True,False,False,True,False,True,False,False,False,False,True,False,False,True,False,False,True,False,False,False,False,True,False,False,False,True,False
False,False,False,False,False,False,True,False,True,False,False,True,False,False,True,False,False,False,True,False,False,False,False,True,False,False,True,False,True,False,False,False,False,True,False
False,True,False,False,False,False,False,False,True,False,False,True,False,False,True,False,False,False,False,False,True,False,False,True,False,True,False,False,False,False,False,False,True,True,False
False,False,False,False,False,False,True,False,True,False,False,True,False,False,True,False,False,False,False,True,False,False,False,True,False,False,True,False,False,False,False,False,True,True,False
False,False,False,False,False,False,True,False,True,False,False,True,False,False,True,False,False,False,False,False,True,False,False,True,True,False,False,False,True,False,False,False,False,True,False
False,False,False,False,False,False,True,True,False,False,False,True,False,False,True,False,False,False,True,False,False,False,False,True,False,True,False,False,True,False,False,False,False,True,False
False,False,False,False,False,False,True,True,False,False,False,True,False,False,True,False,False,False,False,False,True,False,False,True,False,True,False,False,True,False,False,False,False,True,False
False,False,True,False,False,False,False,True,False,False,False,True,False,False,True,False,False,False,False,False,True,False,False,True,False,False,True,False,False,True,False,False,False,False,True
False,False,False,False,False,True,False,False,True,False,False,True,False,True,False,False,False,False,False,False,True,True,False,False,False,True,False,True,False,False,False,False,False,False,True
False,False,True,False,False,False,False,True,False,False,False,True,False,False,True,False,False,False,False,True,False,False,False,True,False,False,True,False,False,False,False,True,False,False,True
False,False,False,False,True,False,False,False,True,False,False,True,False,False,True,False,False,False,True,False,False,False,False,True,False,False,True,False,False,False,True,False,False,True,False
False,False,False,False,False,False,True,False,True,False,False,True,False,False,True,False,False,False,False,True,False,False,False,True,False,False,True,False,False,True,False,False,False,True,False
False,False,True,False,False,False,False,False,False,True,False,True,False,False,False,False,True,False,False,False,True,True,False,False,False,True,False,False,False,False,True,False,False,False,True
False,False,False,False,False,False,True,True,False,False,False,True,False,False,True,False,False,False,False,True,False,False,False,True,False,True,False,False,False,False,False,False,True,True,False
False,False,True,False,False,False,False,True,False,False,False,True,False,False,True,False,False,False,True,False,False,False,False,True,False,False,True,False,False,True,False,False,False,True,False
False,False,True,False,False,False,False,False,False,True,False,True,False,False,False,False,True,False,False,False,True,False,False,True,False,False,True,False,False,False,True,False,False,False,True
False,False,False,True,False,False,False,True,False,False,False,True,False,False,True,False,False,False,False,True,False,False,False,True,True,False,False,False,True,False,False,False,False,True,False
False,False,False,False,True,False,False,False,True,False,False,True,False,True,False,False,False,True,False,False,False,False,False,True,False,False,True,False,False,True,False,False,False,True,False
False,True,False,False,False,False,False,True,False,False,False,True,False,True,False,False,False,False,False,False,True,False,False,True,False,True,False,False,False,False,False,False,True,False,True
False,False,False,False,True,False,False,False,True,False,False,True,False,False,False,False,True,False,False,False,True,False,False,True,False,True,False,False,True,False,False,False,False,True,False
False,False,False,False,True,False,False,False,False,True,False,True,False,True,False,False,False,False,False,False,True,True,False,False,False,True,False,False,True,False,False,False,False,False,True
False,False,True,False,False,False,False,False,True,False,False,True,False,False,False,False,True,False,False,False,True,False,False,True,False,True,False,False,False,False,True,False,False,False,True
False,False,False,False,False,True,False,True,False,False,False,True,False,False,False,False,True,False,False,False,True,False,False,True,False,True,False,False,False,False,False,True,False,True,False
False,False,True,False,False,False,False,True,False,False,False,True,False,True,False,False,False,False,True,False,False,True,False,False,False,True,False,False,False,True,False,False,False,False,True
True,False,False,False,False,False,False,False,True,False,False,True,False,False,True,False,False,False,False,False,True,False,False,True,False,True,False,False,False,True,False,False,False,True,False
False,False,True,False,False,False,False,False,False,True,False,True,False,False,False,False,True,False,False,False,True,False,False,True,False,True,False,False,False,True,False,False,False,False,True
False,False,False,True,False,False,False,True,False,False,False,True,False,True,False,False,False,True,False,False,False,True,False,False,False,False,True,False,True,False,False,False,False,True,False
False,False,True,False,False,False,False,True,False,False,False,True,False,False,False,False,True,False,False,False,True,False,False,True,False,True,False,True,False,False,False,False,False,False,True
False,True,False,False,False,False,False,False,True,False,False,True,False,False,False,False,True,False,False,False,True,False,False,True,False,True,False,False,True,False,False,False,False,True,False
False,False,False,False,False,True,False,False,False,True,False,True,False,False,False,False,True,False,False,False,True,False,False,True,True,False,False,False,False,True,False,False,False,False,True
False,False,False,False,False,False,True,False,False,True,False,True,False,True,False,False,False,False,False,True,False,True,False,False,False,False,True,False,False,False,True,False,False,False,True
False,False,False,False,False,True,False,False,True,False,False,True,False,True,False,False,False,False,False,False,True,True,False,False,False,False,True,False,False,False,True,False,False,True,False
False,False,False,False,False,False,True,False,True,False,False,True,False,False,True,False,False,True,False,False,False,False,False,True,False,False,True,False,True,False,False,False,False,True,False
False,False,False,False,False,False,True,True,False,False,False,True,False,False,True,False,False,False,False,True,False,True,False,False,True,False,False,False,False,False,False,False,True,True,False
False,False,False,False,False,False,True,True,False,False,False,True,False,False,True,False,False,False,False,False,True,False,False,True,False,True,False,False,False,False,False,False,True,True,False
False,True,False,False,False,False,False,True,False,False,False,True,False,True,False,False,False,True,False,False,False,True,False,False,False,False,True,False,False,False,False,False,True,False,True
False,False,False,False,True,False,False,False,False,True,False,True,False,True,False,False,False,False,False,True,False,True,False,False,False,True,False,False,False,False,False,False,True,False,True
False,False,False,False,False,False,True,False,True,False,False,True,False,False,True,False,False,False,False,False,True,False,False,True,True,False,False,False,False,False,False,False,True,True,False
False,False,True,False,False,False,False,True,False,False,False,True,False,True,False,False,False,False,False,False,True,True,False,False,False,False,True,False,False,True,False,False,False,False,True
False,False,False,False,False,False,True,False,True,False,False,True,False,False,False,False,True,False,False,False,True,False,False,True,False,False,True,False,False,False,True,False,False,True,False
False,False,False,False,True,False,False,True,False,False,False,True,False,False,True,False,False,True,False,False,False,False,False,True,False,True,False,False,False,False,True,False,False,False,True
False,False,False,False,False,False,True,True,False,False,False,True,False,True,False,False,False,True,False,False,False,True,False,False,False,False,True,False,True,False,False,False,False,True,False
False,False,False,True,False,False,False,False,True,False,False,True,False,False,True,False,False,False,True,False,False,False,False,True,False,False,True,False,False,False,False,False,True,True,False
False,True,False,False,False,False,False,False,True,False,False,True,False,True,False,False,False,False,True,False,False,True,False,False,False,False,True,False,False,False,False,False,True,True,False
False,False,False,True,False,False,False,True,False,False,False,True,False,False,True,False,False,False,False,False,True,False,False,True,False,False,True,False,False,False,False,False,True,True,False
False,False,False,False,False,True,False,True,False,False,False,True,False,True,False,False,False,False,False,True,False,True,False,False,False,False,True,False,False,True,False,False,False,False,True
False,False,True,False,False,False,False,False,False,True,False,True,False,True,False,False,False,False,False,True,False,True,False,False,False,True,False,False,False,False,True,False,False,False,True
False,True,False,False,False,False,False,False,True,False,False,False,True,False,False,False,True,False,False,False,True,False,True,False,False,True,False,False,True,False,False,False,False,True,False
False,False,False,False,False,False,True,False,False,True,False,True,False,False,True,False,False,True,False,False,False,False,False,True,False,True,False,False,False,True,False,False,False,False,True
False,True,False,False,False,False,False,True,False,False,False,True,False,True,False,False,False,True,False,False,False,True,False,False,False,True,False,False,True,False,False,False,False,True,False
False,False,False,False,False,False,True,False,True,False,False,True,False,False,True,False,False,True,False,False,False,True,False,False,False,True,False,False,False,True,False,False,False,False,True
False,False,False,True,False,False,False,False,True,False,False,False,True,False,False,False,True,False,False,False,True,False,False,True,False,True,False,False,True,False,False,False,False,True,False
False,False,False,False,True,False,False,False,True,False,False,True,False,False,True,False,False,False,True,False,False,False,False,True,False,False,True,False,False,True,False,False,False,True,False
False,False,False,False,False,False,True,False,True,False,False,True,False,False,True,False,False,False,False,False,True,False,False,True,False,False,True,False,False,False,False,False,True,True,False
False,False,False,True,False,False,False,True,False,False,False,True,False,False,False,False,True,False,False,False,True,False,False,True,False,True,False,False,False,False,True,False,False,True,False
False,False,False,False,False,False,True,False,True,False,False,True,False,False,True,False,False,False,False,False,True,False,False,True,True,False,False,False,False,True,False,False,False,True,False
False,True,False,False,False,False,False,True,False,False,False,False,True,False,False,False,True,False,False,False,True,True,False,False,False,True,False,False,False,False,True,False,False,False,True
True,False,False,False,False,False,False,True,False,False,False,True,False,True,False,False,False,False,False,False,True,True,False,False,False,True,False,False,False,True,False,False,False,True,False
False,False,True,False,False,False,False,True,False,False,False,True,False,False,False,False,True,False,False,False,True,False,False,True,False,False,True,False,False,False,True,False,False,True,False
False,False,False,False,False,False,True,False,True,False,False,True,False,False,True,False,False,False,False,False,True,False,False,True,False,True,False,False,False,False,False,False,True,True,False
False,False,False,False,False,True,False,False,True,False,False,True,False,False,False,False,True,False,False,False,True,True,False,False,False,False,True,False,False,False,True,False,False,True,False
False,True,False,False,False,False,False,False,False,True,False,True,False,False,True,False,False,False,False,False,True,False,False,True,False,False,True,False,False,True,False,False,False,False,True
False,False,False,True,False,False,False,False,True,False,False,True,False,False,True,False,False,False,False,False,True,False,False,True,False,False,True,False,False,False,False,False,True,True,False
False,False,True,False,False,False,False,True,False,False,False,True,False,False,True,False,False,True,False,False,False,False,False,True,False,True,False,False,True,False,False,False,False,True,False
False,False,False,False,False,True,False,False,True,False,False,True,False,False,False,False,True,False,False,False,True,False,False,True,False,False,True,False,False,False,True,False,False,False,True
False,False,True,False,False,False,False,True,False,False,False,True,False,False,True,False,False,False,False,False,True,False,False,True,False,True,False,False,False,False,True,False,False,False,True
False,True,False,False,False,False,False,False,False,True,False,True,False,True,False,False,False,False,False,False,True,True,False,False,True,False,False,False,True,False,False,False,False,False,True
False,False,False,False,False,False,True,False,True,False,False,True,False,False,True,False,False,False,True,False,False,False,False,True,False,False,True,False,False,False,True,False,False,True,False
False,True,False,False,False,False,False,False,True,False,False,True,False,True,False,False,False,False,True,False,False,True,False,False,False,True,False,False,True,False,False,False,False,True,False
False,True,False,False,False,False,False,False,True,False,False,True,False,True,False,False,False,False,True,False,False,False,False,True,False,False,True,False,False,False,False,False,True,False,True
False,True,False,False,False,False,False,True,False,False,False,True,False,False,True,False,False,False,False,False,True,False,False,True,False,True,False,False,True,False,False,False,False,True,False
False,False,False,False,False,False,True,False,True,False,False,True,False,False,True,False,False,False,True,False,False,False,False,True,False,False,True,False,True,False,False,False,False,True,False
False,False,False,True,False,False,False,True,False,False,False,True,False,False,False,False,True,False,False,False,True,False,False,True,False,False,True,False,True,False,False,False,False,False,True
False,True,False,False,False,False,False,False,True,False,False,True,False,True,False,False,False,False,False,True,False,True,False,False,False,True,False,False,True,False,False,False,False,True,False
False,False,False,True,False,False,False,True,False,False,False,False,True,False,False,False,True,False,False,False,True,False,False,True,False,False,True,False,False,False,False,True,False,True,False
False,False,False,True,False,False,False,False,True,False,False,True,False,False,True,False,False,False,True,False,False,True,False,False,False,False,True,False,True,False,False,False,False,True,False
True,False,False,False,False,False,False,False,False,True,False,True,False,False,True,False,False,False,False,False,True,False,False,True,False,True,False,False,False,True,False,False,False,False,True
False,False,False,False,False,False,True,True,False,False,False,True,False,False,False,False,True,False,False,False,True,False,False,True,False,False,True,False,False,False,False,True,False,True,False
False,False,True,False,False,False,False,False,True,False,False,True,False,False,True,False,False,False,True,False,False,False,False,True,False,True,False,False,True,False,False,False,False,True,False
True,False,False,False,False,False,False,True,False,False,False,True,False,True,False,False,False,False,False,True,False,True,False,False,True,False,False,True,False,False,False,False,False,False,True
True,False,False,False,False,False,False,True,False,False,False,True,False,True,False,False,False,False,False,False,True,False,False,True,False,False,True,False,False,False,False,True,False,True,False
True,False,False,False,False,False,False,True,False,False,False,True,False,False,True,False,False,False,False,False,True,False,False,True,False,False,True,True,False,False,False,False,False,True,False
False,False,False,False,False,False,True,False,True,False,False,True,False,False,False,False,True,False,False,False,True,False,False,True,False,False,True,False,True,False,False,False,False,True,False
False,False,False,False,False,True,False,False,True,False,False,True,False,True,False,False,False,False,False,False,True,True,False,False,False,False,True,False,False,True,False,False,False,True,False
False,False,True,False,False,False,False,False,True,False,False,True,False,False,True,False,False,False,False,False,True,False,False,True,False,True,False,False,False,True,False,False,False,True,False
True,False,False,False,False,False,False,True,False,False,False,True,False,False,False,False,True,False,False,False,True,False,False,True,True,False,False,False,False,True,False,False,False,True,False
False,True,False,False,False,False,False,True,False,False,False,True,False,False,True,False,False,False,True,False,False,False,False,True,False,False,True,False,False,False,False,False,True,True,False
False,True,False,False,False,False,False,False,True,False,False,True,False,False,True,False,False,False,False,False,True,False,False,True,False,True,False,False,False,False,False,False,True,True,False
False,True,False,False,False,False,False,False,True,False,False,True,False,True,False,False,False,False,True,False,False,True,False,False,False,False,True,False,True,False,False,False,False,True,False
False,False,False,False,False,True,False,True,False,False,False,False,True,False,False,False,True,False,False,False,True,False,False,True,False,True,False,False,False,True,False,False,False,False,True
False,False,False,False,False,True,False,False,False,True,False,True,False,True,False,False,False,True,False,False,False,True,False,False,False,False,True,False,False,False,True,False,False,True,False
False,False,False,False,False,False,True,True,False,False,False,True,False,True,False,False,False,False,False,False,True,True,False,False,False,False,True,False,False,False,True,False,False,True,False
False,True,False,False,False,False,False,True,False,False,False,True,False,True,False,False,False,False,False,False,True,False,False,True,False,True,False,False,False,False,False,False,True,True,False
False,True,False,False,False,False,False,True,False,False,False,True,False,False,True,False,False,False,False,False,True,True,False,False,False,True,False,False,False,False,False,False,True,True,False
False,False,False,False,False,True,False,True,False,False,False,True,False,False,False,False,True,False,False,False,True,False,False,True,False,True,False,True,False,False,False,False,False,True,False
False,False,True,False,False,False,False,True,False,False,False,True,False,False,False,False,True,False,False,False,True,False,False,True,False,True,False,False,True,False,False,False,False,True,False
False,True,False,False,False,False,False,True,False,False,False,True,False,False,True,False,False,False,False,False,True,False,False,True,False,True,False,False,False,False,False,True,False,True,False
False,False,False,True,False,False,False,False,True,False,False,True,False,True,False,False,False,False,False,True,False,False,False,True,False,False,True,False,False,False,True,False,False,False,True
False,False,False,False,False,True,False,True,False,False,False,True,False,False,True,False,False,False,True,False,False,False,False,True,False,False,True,False,False,False,True,False,False,True,False
False,False,False,False,False,True,False,True,False,False,False,True,False,True,False,False,False,False,True,False,False,False,False,True,False,True,False,False,False,True,False,False,False,True,False
False,False,True,False,False,False,False,True,False,False,False,True,False,True,False,False,False,False,False,False,True,False,False,True,False,False,True,False,False,False,False,True,False,True,False
False,False,False,False,True,False,False,False,False,True,False,True,False,False,True,False,False,False,False,True,False,True,False,False,False,True,False,False,False,True,False,False,False,False,True
False,True,False,False,False,False,False,True,False,False,False,True,False,True,False,False,False,False,False,False,True,True,False,False,False,True,False,False,False,False,True,False,False,True,False
False,False,True,False,False,False,False,False,True,False,False,True,False,False,True,False,False,False,False,False,True,False,False,True,False,True,False,False,False,False,True,False,False,True,False
False,True,False,False,False,False,False,False,True,False,False,True,False,True,False,False,False,True,False,False,False,True,False,False,False,True,False,False,True,False,False,False,False,True,False
False,True,False,False,False,False,False,True,False,False,False,False,True,False,False,False,True,False,False,False,True,True,False,False,False,False,True,False,False,False,True,False,False,False,True
False,True,False,False,False,False,False,True,False,False,False,True,False,True,False,False,False,False,False,True,False,True,False,False,False,True,False,False,True,False,False,False,False,False,True
False,False,False,False,False,False,True,True,False,False,False,True,False,True,False,False,False,False,False,True,False,True,False,False,False,False,True,False,False,False,False,False,True,True,False
False,True,False,False,False,False,False,False,False,True,False,True,False,True,False,False,False,False,False,True,False,True,False,False,True,False,False,False,False,False,False,True,False,True,False
False,False,True,False,False,False,False,False,True,False,False,True,False,False,True,False,False,False,False,False,True,False,False,True,False,True,False,False,False,False,True,False,False,True,False
False,False,False,False,False,True,False,False,False,True,False,True,False,False,False,False,True,False,False,False,True,False,False,True,False,False,True,False,False,False,False,True,False,True,False
False,False,False,True,False,False,False,False,True,False,False,True,False,False,True,False,False,False,True,False,False,True,False,False,False,False,True,False,True,False,False,False,False,True,False
False,False,False,True,False,False,False,False,True,False,False,True,False,False,True,False,False,False,False,False,True,False,False,True,False,True,False,False,False,True,False,False,False,True,False
False,False,True,False,False,False,False,False,True,False,False,True,False,True,False,False,False,False,False,False,True,False,False,True,False,True,False,False,False,False,True,False,False,True,False
False,False,True,False,False,False,False,True,False,False,False,True,False,False,True,False,False,True,False,False,False,False,False,True,True,False,False,True,False,False,False,False,False,False,True
False,False,False,False,True,False,False,False,True,False,False,False,True,False,False,False,True,False,False,False,True,False,True,False,False,True,False,False,False,False,False,False,True,True,False
False,False,False,False,False,True,False,False,False,True,False,True,False,False,False,False,True,False,False,False,True,False,False,True,False,True,False,False,False,False,False,True,False,True,False
False,False,True,False,False,False,False,False,True,False,False,True,False,False,False,False,True,False,False,False,True,False,False,True,False,True,False,False,False,False,True,False,False,True,False
False,False,False,True,False,False,False,False,True,False,False,True,False,False,True,False,False,False,True,False,False,False,False,True,False,False,True,False,True,False,False,False,False,True,False
False,False,False,False,False,True,False,False,False,True,False,True,False,True,False,False,False,True,False,False,False,False,False,True,False,True,False,False,False,False,False,True,False,False,True
False,False,False,False,False,True,False,False,False,True,False,True,False,True,False,False,False,False,False,True,False,False,False,True,False,False,True,False,False,True,False,False,False,True,False
False,False,False,True,False,False,False,True,False,False,False,True,False,False,True,False,False,False,True,False,False,False,False,True,False,True,False,False,False,False,False,False,True,True,False
False,False,False,False,True,False,False,False,True,False,False,True,False,True,False,False,False,False,False,False,True,True,False,False,False,True,False,False,False,False,True,False,False,True,False
False,False,False,False,False,True,False,False,False,False,True,True,False,True,False,False,False,False,False,False,True,True,False,False,False,False,True,False,False,True,False,False,False,False,True
False,False,False,False,False,True,False,False,True,False,False,True,False,False,True,False,False,False,True,False,False,False,False,True,False,False,True,False,False,True,False,False,False,True,False
False,False,False,False,True,False,False,False,True,False,False,True,False,True,False,False,False,False,False,False,True,True,False,False,False,True,False,False,False,True,False,False,False,True,False
True,False,False,False,False,False,False,False,True,False,False,True,False,False,False,False,True,False,False,False,True,False,False,True,False,True,False,False,False,True,False,False,False,True,False
False,True,False,False,False,False,False,False,False,True,False,True,False,False,True,False,False,False,True,False,False,True,False,False,False,True,False,False,False,True,False,False,False,False,True
False,False,False,False,False,False,True,True,False,False,False,True,False,False,True,False,False,True,False,False,False,False,False,True,False,False,True,False,False,False,False,False,True,True,False
False,False,False,True,False,False,False,False,True,False,False,True,False,False,True,False,False,False,True,False,False,False,False,True,False,False,True,False,False,False,False,False,True,True,False
False,False,False,False,False,True,False,True,False,False,False,True,False,False,False,False,True,False,False,False,True,False,False,True,False,True,False,False,False,False,False,True,False,True,False
True,False,False,False,False,False,False,False,True,False,False,True,False,True,False,False,False,False,False,False,True,False,False,True,False,True,False,True,False,False,False,False,False,False,True
False,True,False,False,False,False,False,True,False,False,False,True,False,False,True,False,False,False,False,True,False,False,False,True,False,True,False,False,False,False,False,False,True,True,False
True,False,False,False,False,False,False,False,True,False,False,True,False,False,False,False,True,False,False,False,True,False,False,True,False,True,False,False,False,False,False,True,False,True,False
False,False,False,True,False,False,False,False,True,False,False,True,False,False,False,False,True,False,False,False,True,False,False,True,False,False,True,False,False,False,False,False,True,True,False
False,False,False,False,True,False,False,False,True,False,False,True,False,False,True,False,False,False,True,False,False,False,False,True,False,True,False,False,True,False,False,False,False,True,False
False,False,False,False,True,False,False,False,False,True,False,True,False,False,True,False,False,False,True,False,False,False,False,True,False,True,False,False,False,False,True,False,False,False,True
True,False,False,False,False,False,False,True,False,False,False,True,False,True,False,False,False,True,False,False,False,False,False,True,False,False,True,True,False,False,False,False,False,False,True
False,False,False,False,False,True,False,True,False,False,False,True,False,False,False,False,True,False,False,False,True,True,False,False,False,True,False,True,False,False,False,False,False,True,False
True,False,False,False,False,False,False,False,True,False,False,True,False,False,False,False,True,False,False,False,True,False,False,True,False,True,False,False,False,True,False,False,False,True,False
False,False,False,False,False,True,False,True,False,False,False,True,False,False,True,False,False,False,False,True,False,False,False,True,False,False,True,False,False,False,False,True,False,True,False
False,False,False,True,False,False,False,False,True,False,False,True,False,True,False,False,False,False,True,False,False,False,False,True,False,True,False,False,True,False,False,False,False,True,False
False,False,False,False,True,False,False,True,False,False,False,True,False,True,False,False,False,True,False,False,False,False,False,True,False,True,False,False,True,False,False,False,False,True,False
False,False,False,False,False,True,False,True,False,False,False,False,True,False,False,False,True,False,False,False,True,False,True,False,False,True,False,False,True,False,False,False,False,True,False
True,False,False,False,False,False,False,True,False,False,False,True,False,False,False,False,True,False,False,False,True,False,False,True,False,False,True,True,False,False,False,False,False,False,True
False,False,False,False,True,False,False,True,False,False,False,True,False,False,False,False,True,False,False,False,True,False,False,True,False,True,False,False,True,False,False,False,False,True,False
False,False,False,False,True,False,False,False,True,False,False,True,False,False,True,False,False,False,False,False,True,False,False,True,False,False,True,False,False,False,False,False,True,True,False
False,False,False,False,False,False,True,False,True,False,False,True,False,False,True,False,False,False,True,False,False,False,False,True,False,True,False,False,False,False,False,False,True,True,False
False,False,False,False,True,False,False,True,False,False,False,True,False,False,True,False,False,False,True,False,False,False,False,True,False,True,False,False,True,False,False,False,False,True,False
False,True,False,False,False,False,False,True,False,False,False,True,False,True,False,False,False,False,False,True,False,False,False,True,False,False,True,False,False,False,False,False,True,True,False
False,True,False,False,False,False,False,False,True,False,False,True,False,False,False,False,True,False,False,False,True,False,False,True,False,False,True,False,False,False,True,False,False,True,False
False,False,False,True,False,False,False,True,False,False,False,True,False,False,True,False,False,False,True,False,False,False,False,True,False,False,True,False,False,False,False,False,True,True,False
False,True,False,False,False,False,False,False,True,False,False,True,False,False,False,False,True,False,False,False,True,True,False,False,False,False,True,False,True,False,False,False,False,True,False
False,False,False,False,False,False,True,False,True,False,False,True,False,True,False,False,False,False,True,False,False,True,False,False,False,False,True,False,False,False,True,False,False,True,False
False,False,False,False,False,True,False,False,True,False,False,False,True,False,False,False,True,False,False,False,True,False,False,True,False,False,True,False,False,False,True,False,False,True,False
False,False,False,False,False,False,True,False,True,False,False,True,False,False,True,False,False,False,False,False,True,False,False,True,True,False,False,False,True,False,False,False,False,True,False
False,False,True,False,False,False,False,True,False,False,False,False,True,False,False,False,True,False,False,False,True,False,False,True,False,True,False,False,True,False,False,False,False,False,True
False,True,False,False,False,False,False,False,True,False,False,True,False,False,False,False,True,False,False,False,True,False,False,True,False,True,False,True,False,False,False,False,False,True,False
False,True,False,False,False,False,False,False,True,False,False,True,False,False,False,False,True,False,False,False,True,False,False,True,False,False,True,False,False,False,False,True,False,True,False
False,True,False,False,False,False,False,True,False,False,False,True,False,True,False,False,False,False,False,True,False,True,False,False,False,False,True,False,True,False,False,False,False,True,False
False,False,False,False,True,False,False,True,False,False,False,True,False,True,False,False,False,True,False,False,False,True,False,False,False,False,True,False,False,False,True,False,False,False,True
False,False,False,False,False,True,False,False,True,False,False,True,False,True,False,False,False,False,False,True,False,True,False,False,False,False,True,False,False,True,False,False,False,False,True
False,False,False,False,True,False,False,True,False,False,False,True,False,False,True,False,False,False,False,True,False,False,False,True,False,False,True,False,False,False,True,False,False,False,True
True,False,False,False,False,False,False,False,True,False,False,True,False,True,False,False,False,False,False,False,True,True,False,False,False,False,True,False,False,False,False,True,False,False,True
False,False,True,False,False,False,False,False,True,False,False,True,False,False,True,False,False,False,False,False,True,True,False,False,False,True,False,False,True,False,False,False,False,True,False
False,False,False,False,False,False,True,False,True,False,False,True,False,False,True,False,False,False,True,False,False,False,False,True,False,True,False,False,False,False,True,False,False,True,False
False,False,False,False,False,True,False,False,False,True,False,True,False,True,False,False,False,False,False,True,False,True,False,False,False,False,True,False,False,True,False,False,False,False,True
False,False,True,False,False,False,False,False,False,True,False,True,False,False,True,False,False,False,False,True,False,True,False,False,True,False,False,True,False,False,False,False,False,False,True
False,False,True,False,False,False,False,True,False,False,False,True,False,False,True,False,False,True,False,False,False,False,False,True,False,True,False,False,False,False,True,False,False,True,False
False,False,False,False,False,False,True,False,False,True,False,True,False,True,False,False,False,False,True,False,False,False,False,True,False,True,False,True,False,False,False,False,False,True,False
False,False,True,False,False,False,False,False,False,True,False,True,False,True,False,False,False,False,False,False,True,False,False,True,False,False,True,False,False,True,False,False,False,True,False
False,False,False,False,False,False,True,True,False,False,False,True,False,False,True,False,False,False,False,False,True,False,False,True,False,True,False,False,False,False,False,False,True,True,False
False,False,False,False,True,False,False,False,True,False,False,True,False,False,True,False,False,False,True,False,False,False,False,True,False,False,True,False,True,False,False,False,False,True,False
False,False,False,False,False,True,False,True,False,False,False,True,False,False,False,False,True,False,False,False,True,False,False,True,False,True,False,False,False,False,False,True,False,True,False
False,False,False,False,False,False,True,False,True,False,False,True,False,False,True,False,False,False,False,False,True,False,False,True,False,False,True,False,True,False,False,False,False,True,False
False,False,False,False,False,False,True,False,True,False,False,True,False,False,True,False,False,True,False,False,False,True,False,False,False,False,True,False,False,False,True,False,False,True,False
False,False,False,False,False,True,False,True,False,False,False,True,False,True,False,False,False,False,False,True,False,False,False,True,False,True,False,False,False,True,False,False,False,True,False
False,False,False,False,False,False,True,False,True,False,False,True,False,True,False,False,False,False,False,False,True,True,False,False,False,True,False,False,False,False,True,False,False,True,False
False,False,False,False,False,True,False,False,True,False,False,True,False,False,False,False,True,False,False,False,True,False,False,True,False,True,False,False,False,False,False,True,False,True,False
True,False,False,False,False,False,False,False,True,False,False,True,False,True,False,False,False,False,False,False,True,True,False,False,False,True,False,False,False,True,False,False,False,True,False
True,False,False,False,False,False,False,False,True,False,False,True,False,False,False,False,True,False,False,False,True,False,False,True,False,True,False,False,False,True,False,False,False,True,False
False,False,False,False,False,True,False,True,False,False,False,True,False,False,False,False,True,False,False,False,True,False,False,True,False,True,False,True,False,False,False,False,False,False,True
False,True,False,False,False,False,False,False,False,True,False,True,False,True,False,False,False,False,False,True,False,True,False,False,False,False,True,False,False,False,True,False,False,False,True
False,False,False,False,False,False,True,False,True,False,False,True,False,True,False,False,False,False,True,False,False,True,False,False,False,True,False,False,True,False,False,False,False,True,False
False,False,False,False,False,True,False,False,True,False,False,True,False,False,True,False,False,False,False,False,True,False,False,True,False,False,True,False,False,False,True,False,False,True,False
False,True,False,False,False,False,False,False,True,False,False,True,False,False,False,False,True,False,False,False,True,False,False,True,False,False,True,False,False,False,True,False,False,True,False
False,False,False,True,False,False,False,False,True,False,False,True,False,False,True,False,False,False,True,False,False,False,False,True,False,False,True,False,False,False,False,False,True,True,False
False,False,False,False,False,False,True,False,True,False,False,True,False,False,True,False,False,False,False,False,True,True,False,False,False,True,False,False,False,False,False,False,True,True,False
False,False,False,False,False,True,False,False,True,False,False,True,False,True,False,False,False,True,False,False,False,False,False,True,False,True,False,True,False,False,False,False,False,True,False
False,False,True,False,False,False,False,False,False,True,False,True,False,False,True,False,False,True,False,False,False,False,False,True,False,True,False,False,False,True,False,False,False,True,False
False,True,False,False,False,False,False,True,False,False,False,True,False,False,True,False,False,True,False,False,False,False,False,True,False,True,False,False,False,False,True,False,False,False,True
False,False,False,False,True,False,False,False,True,False,False,True,False,False,False,False,True,False,False,False,True,False,False,True,False,True,False,False,False,True,False,False,False,True,False
False,False,False,True,False,False,False,True,False,False,False,True,False,False,False,False,True,False,False,False,True,False,False,True,False,True,False,False,False,False,False,False,True,True,False
False,False,False,False,True,False,False,False,True,False,False,True,False,True,False,False,False,False,False,False,True,False,False,True,False,False,True,False,False,False,False,False,True,True,False
False,False,False,True,False,False,False,False,True,False,False,True,False,False,True,False,False,True,False,False,False,True,False,False,False,True,False,False,False,False,False,False,True,True,False
False,False,False,False,False,False,True,True,False,False,False,True,False,False,True,False,False,False,False,True,False,False,False,True,False,False,True,False,True,False,False,False,False,True,False
False,False,False,False,False,False,True,True,False,False,False,True,False,True,False,False,False,False,False,False,True,True,False,False,False,True,False,False,True,False,False,False,False,True,False
False,False,False,False,False,True,False,False,True,False,False,True,False,False,True,False,False,True,False,False,False,False,False,True,False,False,True,False,False,True,False,False,False,True,False
False,False,False,True,False,False,False,True,False,False,False,True,False,False,False,False,True,False,False,False,True,True,False,False,False,False,True,False,False,False,False,False,True,False,True
True,False,False,False,False,False,False,True,False,False,False,True,False,False,False,False,True,False,False,False,True,False,False,True,False,True,False,False,False,True,False,False,False,True,False
False,False,False,True,False,False,False,False,False,True,False,True,False,False,False,True,False,False,False,False,True,True,False,False,False,False,True,False,False,False,False,True,False,False,True
False,True,False,False,False,False,False,True,False,False,False,True,False,True,False,False,False,False,False,False,True,True,False,False,False,True,False,False,False,False,False,False,True,False,True
False,False,False,False,False,True,False,False,True,False,False,True,False,False,True,False,False,False,False,False,True,False,False,True,False,True,False,False,False,False,True,False,False,True,False
True,False,False,False,False,False,False,True,False,False,False,True,False,False,True,False,False,False,False,False,True,False,False,True,False,True,False,False,False,False,False,True,False,True,False
False,False,False,False,False,True,False,False,True,False,False,True,False,False,False,False,True,False,False,False,True,True,False,False,False,True,False,False,False,True,False,False,False,True,False
False,False,False,False,False,True,False,True,False,False,False,True,False,False,True,False,False,False,False,True,False,False,False,True,False,False,True,True,False,False,False,False,False,False,True
False,False,False,False,False,False,True,False,True,False,False,True,False,False,True,False,False,False,False,False,True,False,False,True,False,False,True,False,False,False,False,False,True,True,False
False,False,False,False,False,True,False,True,False,False,False,True,False,False,False,False,True,False,False,False,True,True,False,False,False,True,False,False,False,True,False,False,False,False,True
False,False,False,False,False,True,False,False,True,False,False,True,False,False,False,False,True,False,False,False,True,False,False,True,False,True,False,False,False,False,True,False,False,True,False
False,False,False,False,True,False,False,False,False,True,False,True,False,False,True,False,False,True,False,False,False,False,False,True,True,False,False,True,False,False,False,False,False,False,True
False,True,False,False,False,False,False,False,True,False,False,False,True,False,False,False,True,False,False,False,True,False,False,True,False,True,False,False,True,False,False,False,False,True,False
True,False,False,False,False,False,False,False,True,False,False,True,False,True,False,False,False,False,False,False,True,True,False,False,False,False,True,True,False,False,False,False,False,False,True
False,False,False,True,False,False,False,False,True,False,False,True,False,True,False,False,False,True,False,False,False,True,False,False,False,True,False,False,True,False,False,False,False,True,False
False,False,False,False,True,False,False,True,False,False,False,True,False,False,False,False,True,False,False,False,True,False,False,True,False,True,False,False,False,True,False,False,False,False,True
False,False,False,True,False,False,False,False,True,False,False,True,False,False,True,False,False,True,False,False,False,False,False,True,True,False,False,False,True,False,False,False,False,True,False
False,False,False,False,False,True,False,True,False,False,False,True,False,True,False,False,False,False,False,True,False,False,False,True,False,False,True,False,False,True,False,False,False,True,False
False,True,False,False,False,False,False,False,False,True,False,True,False,False,True,False,False,False,False,True,False,False,False,True,False,False,True,False,False,False,False,False,True,False,True
False,True,False,False,False,False,False,False,True,False,False,True,False,False,False,False,True,False,False,False,True,True,False,False,False,True,False,True,False,False,False,False,False,True,False
False,False,False,False,False,False,True,False,True,False,False,True,False,False,True,False,False,False,False,False,True,False,False,True,False,False,True,False,False,False,False,False,True,True,False
False,False,False,False,False,False,True,False,False,True,False,True,False,False,False,False,True,False,False,False,True,True,False,False,False,True,False,False,False,True,False,False,False,False,True
False,False,False,False,False,False,True,False,True,False,False,True,False,False,True,False,False,True,False,False,False,False,False,True,False,True,False,False,True,False,False,False,False,True,False
False,False,False,False,False,False,True,False,True,False,False,True,False,False,True,False,False,False,False,False,True,False,False,True,False,True,False,False,True,False,False,False,False,True,False
False,False,False,False,False,True,False,False,True,False,False,False,True,False,False,False,True,False,False,False,True,False,False,True,False,True,False,False,False,False,True,False,False,True,False
False,False,False,False,False,False,True,True,False,False,False,True,False,True,False,False,False,False,False,False,True,False,False,True,False,True,False,False,False,False,True,False,False,True,False
False,False,False,False,False,True,False,True,False,False,False,True,False,False,True,False,False,True,False,False,False,True,False,False,False,False,True,True,False,False,False,False,False,False,True
False,False,True,False,False,False,False,False,False,True,False,False,True,False,False,False,True,False,False,False,True,False,False,True,False,True,False,False,False,True,False,False,False,False,True
False,False,False,False,False,False,True,True,False,False,False,True,False,True,False,False,False,False,False,False,True,True,False,False,False,False,True,False,False,False,False,False,True,True,False
False,False,False,False,False,False,True,False,False,True,False,True,False,True,False,False,False,False,False,True,False,True,False,False,True,False,False,False,False,False,False,False,True,False,True
False,False,False,False,False,False,True,False,True,False,False,True,False,False,True,False,False,False,False,False,True,False,False,True,False,False,True,False,True,False,False,False,False,True,False
False,True,False,False,False,False,False,False,False,True,False,True,False,True,False,False,False,False,False,True,False,True,False,False,False,True,False,False,False,False,True,False,False,True,False
False,False,False,False,False,False,True,False,True,False,False,True,False,False,True,False,False,False,False,True,False,False,False,True,False,True,False,False,True,False,False,False,False,True,False
False,False,False,False,True,False,False,False,True,False,False,True,False,False,True,False,False,True,False,False,False,False,False,True,False,True,False,False,True,False,False,False,False,True,False
False,False,False,False,True,False,False,False,False,True,False,True,False,False,True,False,False,False,False,True,False,False,False,True,False,False,True,False,False,True,False,False,False,False,True
False,False,False,False,False,True,False,False,False,True,False,True,False,True,False,False,False,False,False,True,False,True,False,False,False,False,True,False,False,True,False,False,False,False,True
False,False,False,False,False,True,False,False,True,False,False,True,False,False,True,False,False,False,False,False,True,False,False,True,False,False,True,False,True,False,False,False,False,True,False
True,False,False,False,False,False,False,True,False,False,False,True,False,False,True,False,False,True,False,False,False,True,False,False,False,False,True,True,False,False,False,False,False,False,True
False,False,False,False,True,False,False,False,True,False,False,True,False,False,False,False,True,False,False,False,True,False,False,True,False,True,False,False,False,False,True,False,False,True,False
False,False,False,False,False,True,False,True,False,False,False,True,False,False,False,False,True,False,False,False,True,False,False,True,False,True,False,False,False,False,True,False,False,True,False
False,False,False,True,False,False,False,False,True,False,False,True,False,False,True,False,False,False,False,False,True,False,False,True,False,True,False,False,True,False,False,False,False,True,False
True,False,False,False,False,False,False,False,True,False,False,True,False,False,True,False,False,False,False,False,True,False,False,True,True,False,False,True,False,False,False,False,False,False,True
False,True,False,False,False,False,False,True,False,False,False,False,True,False,False,False,True,False,False,False,True,False,False,True,False,True,False,False,True,False,False,False,False,False,True
False,False,False,True,False,False,False,False,True,False,False,True,False,True,False,False,False,True,False,False,False,True,False,False,False,True,False,False,False,False,True,False,False,True,False
False,False,False,True,False,False,False,False,True,False,False,True,False,False,True,False,False,False,False,False,True,False,False,True,True,False,False,False,False,False,True,False,False,True,False
False,False,False,False,False,True,False,False,False,True,False,True,False,False,False,False,True,False,False,False,True,True,False,False,True,False,False,True,False,False,False,False,False,True,False
False,True,False,False,False,False,False,False,True,False,False,True,False,False,True,False,False,True,False,False,False,True,False,False,False,True,False,False,False,False,False,False,True,True,False
False,False,False,True,False,False,False,False,True,False,False,True,False,False,False,False,True,False,False,False,True,False,False,True,False,True,False,False,False,False,False,False,True,True,False
False,False,True,False,False,False,False,False,True,False,False,True,False,True,False,False,False,False,False,False,True,True,False,False,False,True,False,False,False,False,True,False,False,True,False
False,True,False,False,False,False,False,True,False,False,False,True,False,False,False,False,True,False,False,False,True,False,False,True,False,True,False,False,False,False,False,False,True,True,False
False,True,False,False,False,False,False,True,False,False,False,True,False,False,False,False,True,False,False,False,True,False,False,True,False,True,False,False,False,False,False,False,True,True,False
False,False,True,False,False,False,False,True,False,False,False,True,False,False,False,False,True,False,False,False,True,True,False,False,False,True,False,True,False,False,False,False,False,True,False
False,False,True,False,False,False,False,False,True,False,False,True,False,False,True,False,False,False,False,False,True,False,False,True,False,True,False,False,False,False,False,False,True,True,False
False,False,False,False,False,True,False,True,False,False,False,True,False,False,False,False,True,False,False,False,True,False,False,True,False,False,True,False,False,True,False,False,False,False,True
False,True,False,False,False,False,False,False,True,False,False,True,False,True,False,False,False,False,True,False,False,True,False,False,False,True,False,False,True,False,False,False,False,True,False
False,False,False,True,False,False,False,False,True,False,False,True,False,False,False,False,True,False,False,False,True,False,False,True,False,True,False,False,True,False,False,False,False,True,False
False,False,False,False,False,False,True,True,False,False,False,True,False,False,True,False,False,False,False,True,False,False,False,True,False,True,False,False,False,False,False,False,True,True,False
True,False,False,False,False,False,False,False,True,False,False,True,False,False,False,False,True,False,False,False,True,False,False,True,False,True,False,False,False,False,True,False,False,True,False
True,False,False,False,False,False,False,False,True,False,False,True,False,False,False,False,True,False,False,False,True,False,False,True,False,False,True,False,False,True,False,False,False,False,True
False,False,True,False,False,False,False,False,True,False,False,True,False,False,False,False,True,False,False,False,True,False,False,True,False,True,False,True,False,False,False,False,False,True,False
False,False,False,True,False,False,False,False,True,False,False,True,False,False,True,False,False,False,True,False,False,False,False,True,False,False,True,False,True,False,False,False,False,True,False
False,False,False,False,False,True,False,False,True,False,False,True,False,True,False,False,False,False,True,False,False,True,False,False,False,False,True,False,False,False,True,False,False,False,True
False,False,False,False,False,False,True,False,True,False,False,True,False,False,True,False,False,False,False,False,True,False,False,True,False,True,False,False,False,False,True,False,False,True,False
False,True,False,False,False,False,False,False,True,False,False,True,False,False,True,False,False,False,True,False,False,False,False,True,False,False,True,False,False,False,True,False,False,True,False
False,False,True,False,False,False,False,True,False,False,False,True,False,False,False,False,True,False,False,False,True,False,False,True,False,True,False,False,True,False,False,False,False,True,False
False,False,False,False,False,True,False,True,False,False,False,True,False,False,False,False,True,False,False,False,True,False,False,True,False,True,False,True,False,False,False,False,False,False,True
False,False,True,False,False,False,False,False,True,False,False,False,True,False,False,False,True,False,False,False,True,False,False,True,False,False,True,False,False,False,True,False,False,True,False
False,False,False,False,True,False,False,False,True,False,False,True,False,False,True,False,False,True,False,False,False,False,False,True,False,False,True,False,False,False,True,False,False,True,False
False,False,False,True,False,False,False,False,False,True,False,True,False,True,False,False,False,False,False,True,False,True,False,False,False,True,False,False,False,False,True,False,False,True,False
False,False,False,False,False,False,True,False,False,True,False,True,False,False,True,False,False,True,False,False,False,False,False,True,False,False,True,False,False,False,True,False,False,False,True
False,True,False,False,False,False,False,False,False,True,False,True,False,True,False,False,False,True,False,False,False,True,False,False,False,False,True,False,False,False,False,False,True,False,True
True,False,False,False,False,False,False,True,False,False,False,True,False,True,False,False,False,True,False,False,False,False,False,True,False,True,False,False,False,True,False,False,False,False,True
False,True,False,False,False,False,False,False,True,False,False,True,False,False,True,False,False,False,False,False,True,False,False,True,False,True,False,False,True,False,False,False,False,True,False
False,False,False,False,False,False,True,False,True,False,False,True,False,False,True,False,False,False,True,False,False,False,False,True,False,True,False,False,True,False,False,False,False,True,False
False,False,False,False,False,False,True,True,False,False,False,True,False,False,True,False,False,False,True,False,False,False,False,True,False,False,True,False,False,False,True,False,False,True,False
False,False,True,False,False,False,False,True,False,False,False,True,False,True,False,False,False,False,True,False,False,False,False,True,False,True,False,False,False,False,True,False,False,True,False
False,False,False,True,False,False,False,True,False,False,False,True,False,False,False,False,True,False,False,False,True,False,False,True,False,False,True,False,False,False,True,False,False,True,False
False,False,False,False,False,False,True,False,True,False,False,True,False,False,True,False,False,True,False,False,False,False,False,True,False,True,False,False,False,False,False,False,True,True,False
False,False,False,True,False,False,False,False,False,True,False,True,False,False,True,False,False,False,False,True,False,True,False,False,False,True,False,False,True,False,False,False,False,False,True
False,False,False,True,False,False,False,False,True,False,False,True,False,True,False,False,False,False,True,False,False,False,False,True,False,True,False,False,False,False,False,False,True,True,False
False,False,False,False,False,False,True,True,False,False,False,True,False,True,False,False,False,False,False,True,False,True,False,False,True,False,False,False,False,True,False,False,False,True,False
True,False,False,False,False,False,False,True,False,False,False,True,False,False,False,False,True,False,False,False,True,True,False,False,False,True,False,True,False,False,False,False,False,True,False
False,False,False,False,True,False,False,False,True,False,False,True,False,True,False,False,False,False,True,False,False,False,False,True,True,False,False,False,False,False,True,False,False,False,True
True,False,False,False,False,False,False,False,False,True,False,True,False,False,False,False,True,False,False,False,True,False,False,True,False,True,False,True,False,False,False,False,False,True,False
False,False,False,False,False,False,True,False,False,True,False,True,False,True,False,False,False,False,False,False,True,True,False,False,True,False,False,False,False,False,False,False,True,False,True
False,False,False,False,False,True,False,False,False,True,False,True,False,True,False,False,False,False,False,True,False,True,False,False,False,True,False,False,False,True,False,False,False,False,True
True,False,False,False,False,False,False,True,False,False,False,True,False,True,False,False,False,True,False,False,False,True,False,False,False,False,True,False,False,True,False,False,False,False,True
False,False,False,False,False,True,False,True,False,False,False,True,False,True,False,False,False,False,False,False,True,False,False,True,False,True,False,False,False,True,False,False,False,False,True
False,False,False,False,False,False,True,False,True,False,False,True,False,True,False,False,False,True,False,False,False,True,False,False,False,True,False,False,True,False,False,False,False,True,False
False,False,True,False,False,False,False,True,False,False,False,True,False,False,True,False,False,False,False,False,True,False,False,True,False,True,False,False,False,False,False,True,False,False,True
True,False,False,False,False,False,False,False,True,False,False,True,False,False,True,False,False,False,False,False,True,False,False,True,False,True,False,False,False,True,False,False,False,False,True
False,False,False,False,False,True,False,False,True,False,False,True,False,True,False,False,False,False,False,True,False,False,False,True,False,False,True,False,False,True,False,False,False,True,False
True,False,False,False,False,False,False,False,False,True,False,True,False,False,True,False,False,False,True,False,False,False,False,True,False,True,False,True,False,False,False,False,False,True,False
False,False,False,False,False,True,False,False,False,True,False,True,False,False,True,False,False,True,False,False,False,False,False,True,False,False,True,True,False,False,False,False,False,True,False
False,False,False,False,False,False,True,False,True,False,False,True,False,False,True,False,False,False,False,False,True,False,False,True,False,False,True,False,False,False,False,False,True,True,False
True,False,False,False,False,False,False,False,True,False,False,True,False,False,True,False,False,False,False,False,True,True,False,False,False,True,False,True,False,False,False,False,False,True,False
False,False,False,False,True,False,False,True,False,False,False,True,False,True,False,False,False,False,False,True,False,True,False,False,False,False,True,False,False,False,False,False,True,True,False
False,False,False,False,False,True,False,False,True,False,False,True,False,False,False,False,True,False,False,False,True,True,False,False,False,False,True,False,False,False,False,True,False,True,False
False,False,False,False,False,True,False,False,False,True,False,True,False,False,False,False,True,False,False,False,True,False,False,True,False,True,False,False,False,False,True,False,False,False,True
True,False,False,False,False,False,False,False,False,True,False,True,False,False,False,False,True,False,False,False,True,False,False,True,False,True,False,True,False,False,False,False,False,False,True
False,True,False,False,False,False,False,False,True,False,False,True,False,False,False,False,True,False,False,False,True,True,False,False,False,True,False,False,True,False,False,False,False,True,False
False,False,False,False,True,False,False,True,False,False,False,True,False,False,False,False,True,False,False,False,True,True,False,False,False,True,False,False,True,False,False,False,False,False,True
False,False,False,True,False,False,False,False,True,False,False,True,False,False,True,False,False,False,False,True,False,False,False,True,False,False,True,False,True,False,False,False,False,True,False
False,False,False,True,False,False,False,False,True,False,False,True,False,False,True,False,False,False,False,False,True,False,False,True,False,True,False,False,False,False,False,False,True,True,False
False,True,False,False,False,False,False,False,False,True,False,True,False,True,False,False,False,False,False,False,True,True,False,False,False,True,False,False,True,False,False,False,False,False,True
False,True,False,False,False,False,False,False,True,False,False,True,False,True,False,False,False,False,True,False,False,True,False,False,False,True,False,False,False,False,False,False,True,True,False
False,False,True,False,False,False,False,True,False,False,False,True,False,False,False,False,True,False,False,False,True,False,False,True,False,False,True,False,False,False,True,False,False,False,True
False,False,True,False,False,False,False,True,False,False,False,True,False,False,False,False,True,False,False,False,True,False,True,False,False,False,True,False,False,False,False,True,False,True,False
False,False,False,True,False,False,False,True,False,False,False,True,False,False,True,False,False,False,False,True,False,False,False,True,False,False,True,False,True,False,False,False,False,True,False
False,False,False,False,True,False,False,True,False,False,False,True,False,False,False,False,True,False,False,False,True,False,False,True,False,True,False,False,False,False,False,False,True,True,False
False,False,False,False,False,False,True,False,True,False,False,True,False,False,True,False,False,False,False,False,True,False,False,True,False,True,False,False,False,False,True,False,False,True,False
False,False,False,False,False,False,True,True,False,False,False,True,False,False,True,False,False,True,False,False,False,False,False,True,False,False,True,False,True,False,False,False,False,True,False
False,False,False,False,False,False,True,True,False,False,False,True,False,True,False,False,False,True,False,False,False,True,False,False,False,True,False,True,False,False,False,False,False,False,True
False,False,False,False,False,True,False,False,True,False,False,True,False,False,False,False,True,False,False,False,True,False,False,True,False,False,True,False,False,True,False,False,False,True,False
True,False,False,False,False,False,False,False,False,True,False,True,False,False,False,False,True,False,False,False,True,True,False,False,False,True,False,False,False,True,False,False,False,False,True
False,False,False,True,False,False,False,True,False,False,False,True,False,True,False,False,False,False,True,False,False,True,False,False,False,False,True,False,True,False,False,False,False,True,False
False,False,False,False,False,True,False,True,False,False,False,True,False,True,False,False,False,True,False,False,False,True,False,False,False,False,True,False,False,True,False,False,False,False,True
False,False,False,True,False,False,False,False,True,False,False,True,False,False,False,False,True,False,False,False,True,False,False,True,False,True,False,False,True,False,False,False,False,True,False
False,False,False,False,False,True,False,True,False,False,False,True,False,False,True,False,False,False,False,True,False,False,False,True,False,True,False,False,False,True,False,False,False,False,True
False,False,False,False,True,False,False,False,False,True,False,True,False,False,True,False,False,True,False,False,False,False,False,True,False,True,False,False,False,False,True,False,False,False,True
False,True,False,False,False,False,False,False,True,False,False,False,True,False,False,False,True,False,False,False,True,False,False,True,False,True,False,False,False,False,False,False,True,True,False
False,False,True,False,False,False,False,True,False,False,False,True,False,False,True,False,False,True,False,False,False,True,False,False,False,False,True,False,False,False,True,False,False,True,False
False,False,True,False,False,False,False,True,False,False,False,True,False,False,False,False,True,False,False,False,True,True,False,False,False,False,True,False,True,False,False,False,False,True,False
False,False,False,True,False,False,False,True,False,False,False,True,False,False,True,False,False,False,False,True,False,True,False,False,False,False,True,False,True,False,False,False,False,True,False
False,False,False,False,False,True,False,True,False,False,False,True,False,True,False,False,False,False,False,False,True,False,False,True,False,False,True,True,False,False,False,False,False,False,True
False,False,False,False,False,False,True,False,False,True,False,True,False,False,True,False,False,False,False,False,True,True,False,False,False,False,True,True,False,False,False,False,False,False,True
False,False,False,True,False,False,False,True,False,False,False,False,True,False,False,False,True,False,False,False,True,True,False,False,False,True,False,False,False,True,False,False,False,True,False
False,False,True,False,False,False,False,False,True,False,False,True,False,False,True,False,False,False,True,False,False,False,False,True,False,True,False,False,False,False,True,False,False,True,False
False,False,False,False,False,True,False,False,True,False,False,True,False,True,False,False,False,False,False,False,True,True,False,False,False,True,False,False,False,False,True,False,False,True,False
True,False,False,False,False,False,False,True,False,False,False,False,True,False,False,False,True,False,False,False,True,False,True,False,False,True,False,False,False,False,True,False,False,False,True
False,False,False,True,False,False,False,True,False,False,False,True,False,False,True,False,False,False,False,True,False,False,False,True,False,True,False,False,False,False,False,False,True,True,False
True,False,False,False,False,False,False,False,False,True,False,True,False,False,False,False,True,False,False,False,True,False,False,True,False,True,False,True,False,False,False,False,False,False,True
False,False,False,True,False,False,False,False,True,False,False,True,False,True,False,False,False,True,False,False,False,True,False,False,False,False,True,False,True,False,False,False,False,False,True
False,False,False,False,True,False,False,False,False,True,False,True,False,False,True,False,False,False,False,True,False,False,False,True,False,True,False,False,True,False,False,False,False,True,False
False,False,True,False,False,False,False,True,False,False,False,True,False,False,True,False,False,False,False,False,True,False,False,True,False,False,True,False,False,True,False,False,False,True,False
True,False,False,False,False,False,False,True,False,False,False,True,False,True,False,False,False,False,False,False,True,True,False,False,False,False,True,False,False,True,False,False,False,False,True
False,True,False,False,False,False,False,True,False,False,False,True,False,False,True,False,False,False,False,True,False,False,False,True,False,True,False,False,False,False,False,False,True,True,False
False,False,False,False,True,False,False,False,True,False,False,True,False,False,False,False,True,False,False,False,True,False,False,True,False,True,False,False,False,False,True,False,False,True,False
False,False,False,False,False,True,False,False,False,True,False,True,False,True,False,False,False,False,False,True,False,False,False,True,False,False,True,False,False,True,False,False,False,False,True
False,False,False,False,True,False,False,False,False,True,False,True,False,True,False,False,False,False,False,True,False,False,False,True,False,False,True,False,False,False,True,False,False,False,True
True,False,False,False,False,False,False,False,True,False,False,True,False,False,True,False,False,False,False,False,True,False,False,True,False,False,True,False,False,False,False,True,False,True,False
False,False,False,False,False,False,True,False,True,False,False,True,False,True,False,False,False,True,False,False,False,True,False,False,False,False,True,False,True,False,False,False,False,True,False
False,False,True,False,False,False,False,False,True,False,False,True,False,False,True,False,False,False,False,False,True,True,False,False,False,True,False,True,False,False,False,False,False,False,True
False,False,True,False,False,False,False,False,True,False,False,True,False,False,True,False,False,False,False,False,True,False,False,True,False,True,False,False,False,True,False,False,False,True,False
False,False,False,False,False,False,True,True,False,False,False,True,False,True,False,False,False,False,False,True,False,True,False,False,False,True,False,False,False,False,False,False,True,True,False
False,False,False,False,False,False,True,True,False,False,False,True,False,False,True,False,False,True,False,False,False,False,False,True,False,True,False,False,False,True,False,False,False,False,True
False,False,True,False,False,False,False,True,False,False,False,True,False,False,True,False,False,False,True,False,False,True,False,False,False,True,False,False,False,True,False,False,False,True,False
False,False,False,False,False,False,True,False,True,False,False,True,False,False,False,False,True,False,False,False,True,False,False,True,False,True,False,True,False,False,False,False,False,True,False
False,False,True,False,False,False,False,False,True,False,False,True,False,True,False,False,False,False,False,False,True,True,False,False,False,True,False,False,False,True,False,False,False,True,False
False,False,False,False,False,False,True,True,False,False,False,True,False,False,True,False,False,True,False,False,False,True,False,False,False,False,True,False,True,False,False,False,False,True,False
False,True,False,False,False,False,False,True,False,False,False,True,False,False,True,False,False,False,False,False,True,False,False,True,False,False,True,False,False,False,False,False,True,True,False
False,False,False,True,False,False,False,False,False,True,False,True,False,False,False,False,True,False,False,False,True,False,False,True,False,True,False,False,False,False,False,False,True,True,False
False,False,False,True,False,False,False,False,True,False,False,True,False,False,False,False,True,False,False,False,True,False,False,True,False,True,False,False,False,False,False,False,True,True,False
False,False,False,False,True,False,False,True,False,False,False,True,False,False,True,False,False,False,True,False,False,False,False,True,False,True,False,False,False,True,False,False,False,False,True
False,False,False,False,False,True,False,True,False,False,False,True,False,False,False,False,True,False,False,False,True,False,False,True,False,True,False,False,False,False,False,False,True,False,True
False,False,False,True,False,False,False,False,False,True,False,True,False,True,False,False,False,True,False,False,False,True,False,False,False,False,True,False,True,False,False,False,False,False,True
False,False,False,True,False,False,False,False,True,False,False,True,False,False,True,False,False,True,False,False,False,False,False,True,False,False,True,False,False,False,False,False,True,True,False
False,False,False,True,False,False,False,False,True,False,False,True,False,False,False,False,True,False,False,False,True,False,False,True,False,False,True,True,False,False,False,False,False,True,False
False,False,True,False,False,False,False,False,True,False,False,True,False,True,False,False,False,False,False,False,True,True,False,False,False,True,False,False,False,False,True,False,False,True,False
False,True,False,False,False,False,False,True,False,False,False,True,False,False,True,False,False,True,False,False,False,False,False,True,False,False,True,False,False,False,False,False,True,True,False
False,False,False,False,False,True,False,False,True,False,False,True,False,False,True,False,False,False,False,False,True,False,False,True,False,False,True,False,False,True,False,False,False,True,False
False,False,False,True,False,False,False,False,True,False,False,True,False,False,True,False,False,True,False,False,False,True,False,False,False,False,True,False,False,False,False,False,True,True,False
False,False,False,False,False,False,True,False,True,False,False,True,False,False,False,False,True,False,False,False,True,True,False,False,False,True,False,False,False,True,False,False,False,False,True
True,False,False,False,False,False,False,True,False,False,False,True,False,True,False,False,False,True,False,False,False,True,False,False,False,False,True,True,False,False,False,False,False,False,True
False,False,False,False,True,False,False,False,True,False,False,True,False,False,True,False,False,False,True,False,False,False,False,True,False,True,False,False,True,False,False,False,False,True,False
False,False,False,False,False,False,True,False,True,False,False,True,False,False,True,False,False,True,False,False,False,False,False,True,False,True,False,False,False,False,False,False,True,True,False
True,False,False,False,False,False,False,True,False,False,False,True,False,False,False,False,True,False,False,False,True,False,False,True,False,False,True,True,False,False,False,False,False,False,True
True,False,False,False,False,False,False,False,False,True,False,True,False,True,False,False,False,True,False,False,False,True,False,False,True,False,False,False,False,True,False,False,False,True,False
True,False,False,False,False,False,False,False,True,False,False,True,False,True,False,False,False,False,True,False,False,False,False,True,False,False,True,True,False,False,False,False,False,True,False
False,False,False,False,False,False,True,True,False,False,False,True,False,True,False,False,False,False,False,False,True,True,False,False,False,True,False,False,False,False,True,False,False,False,True
False,False,False,False,False,False,True,False,True,False,False,True,False,True,False,False,False,False,False,False,True,True,False,False,True,False,False,False,False,False,True,False,False,True,False
False,False,False,False,True,False,False,False,False,True,False,True,False,False,True,False,False,False,False,True,False,True,False,False,False,True,False,False,False,True,False,False,False,False,True
False,False,False,False,False,True,False,False,False,True,False,True,False,False,False,False,True,False,False,False,True,False,False,True,False,True,False,True,False,False,False,False,False,False,True
False,False,True,False,False,False,False,True,False,False,False,True,False,False,False,False,True,False,False,False,True,False,False,True,True,False,False,False,False,False,False,False,True,False,True
False,False,False,False,False,False,True,True,False,False,False,True,False,True,False,False,False,False,True,False,False,True,False,False,False,True,False,False,False,False,True,False,False,True,False
False,False,False,False,True,False,False,False,True,False,False,True,False,False,True,False,False,False,False,False,True,False,False,True,False,True,False,False,True,False,False,False,False,True,False
False,True,False,False,False,False,False,False,False,True,False,True,False,True,False,False,False,False,False,True,False,True,False,False,False,True,False,False,True,False,False,False,False,False,True
False,False,False,False,False,True,False,False,False,True,False,True,False,True,False,False,False,False,False,False,True,False,False,True,False,False,True,True,False,False,False,False,False,False,True
False,False,False,False,False,False,True,True,False,False,False,True,False,True,False,False,False,False,True,False,False,True,False,False,True,False,False,False,False,True,False,False,False,False,True
False,False,False,False,False,True,False,True,False,False,False,True,False,True,False,False,False,False,False,False,True,False,False,True,False,True,False,False,False,True,False,False,False,True,False
False,True,False,False,False,False,False,True,False,False,False,True,False,False,False,False,True,False,False,False,True,True,False,False,False,True,False,True,False,False,False,False,False,False,True
False,False,False,False,False,False,True,False,True,False,False,True,False,False,False,False,True,False,False,False,True,True,False,False,False,True,False,False,True,False,False,False,False,True,False
False,False,False,False,False,True,False,False,False,True,False,True,False,False,False,False,True,False,False,False,True,True,False,False,False,True,False,False,False,False,False,True,False,False,True
False,False,False,True,False,False,False,False,True,False,False,True,False,False,True,False,False,False,False,False,True,False,False,True,False,False,True,False,False,False,False,False,True,True,False
True,False,False,False,False,False,False,False,False,True,False,True,False,True,False,False,False,False,False,False,True,True,False,False,False,True,False,False,False,True,False,False,False,False,True
True,False,False,False,False,False,False,False,True,False,False,True,False,False,False,False,True,False,False,False,True,False,False,True,False,True,False,False,False,False,True,False,False,True,False
True,False,False,False,False,False,False,False,True,False,False,True,False,True,False,False,False,True,False,False,False,False,False,True,False,True,False,False,False,False,False,True,False,True,False
False,False,False,True,False,False,False,True,False,False,False,True,False,False,True,False,False,False,False,False,True,True,False,False,False,True,False,False,False,False,True,False,False,True,False
False,False,True,False,False,False,False,True,False,False,False,True,False,False,True,False,False,False,True,False,False,False,False,True,False,True,False,False,False,False,True,False,False,True,False
False,False,False,False,False,False,True,True,False,False,False,True,False,False,False,False,True,False,False,False,True,False,False,True,False,True,False,True,False,False,False,False,False,False,True
False,False,False,False,False,False,True,False,True,False,False,True,False,True,False,False,False,False,False,False,True,False,False,True,False,True,False,False,True,False,False,False,False,True,False
